timestamp,building,usage_kwh
2017-11-16 23:00:00,Panther_education_Mattie,2.76
2017-11-17 00:00:00,Panther_education_Mattie,2.52
2017-11-17 01:00:00,Panther_education_Mattie,2.64
2017-11-17 02:00:00,Panther_education_Mattie,2.76
2017-11-17 03:00:00,Panther_education_Mattie,2.52
2017-11-17 04:00:00,Panther_education_Mattie,2.88
2017-11-17 05:00:00,Panther_education_Mattie,2.4
2017-11-17 06:00:00,Panther_education_Mattie,2.76
2017-11-17 07:00:00,Panther_education_Mattie,2.52
2017-11-17 08:00:00,Panther_education_Mattie,4.32
2017-11-17 09:00:00,Panther_education_Mattie,6.0
2017-11-17 10:00:00,Panther_education_Mattie,8.76
2017-11-17 11:00:00,Panther_education_Mattie,9.72
2017-11-17 12:00:00,Panther_education_Mattie,8.28
2017-11-17 13:00:00,Panther_education_Mattie,9.36
2017-11-17 14:00:00,Panther_education_Mattie,9.36
2017-11-17 15:00:00,Panther_education_Mattie,9.48
2017-11-17 16:00:00,Panther_education_Mattie,7.92
2017-11-17 17:00:00,Panther_education_Mattie,6.24
2017-11-17 18:00:00,Panther_education_Mattie,6.0
2017-11-17 19:00:00,Panther_education_Mattie,4.32
2017-11-17 20:00:00,Panther_education_Mattie,4.08
2017-11-17 21:00:00,Panther_education_Mattie,3.84
2017-11-17 22:00:00,Panther_education_Mattie,3.48
2017-11-17 23:00:00,Panther_education_Mattie,2.52
2017-11-18 00:00:00,Panther_education_Mattie,2.28
2017-11-18 01:00:00,Panther_education_Mattie,2.04
2017-11-18 02:00:00,Panther_education_Mattie,2.28
2017-11-18 03:00:00,Panther_education_Mattie,1.92
2017-11-18 04:00:00,Panther_education_Mattie,2.28
2017-11-18 05:00:00,Panther_education_Mattie,2.04
2017-11-18 06:00:00,Panther_education_Mattie,2.16
2017-11-18 07:00:00,Panther_education_Mattie,2.16
2017-11-18 08:00:00,Panther_education_Mattie,1.92
2017-11-18 09:00:00,Panther_education_Mattie,2.28
2017-11-18 10:00:00,Panther_education_Mattie,3.24
2017-11-18 11:00:00,Panther_education_Mattie,4.44
2017-11-18 12:00:00,Panther_education_Mattie,5.28
2017-11-18 13:00:00,Panther_education_Mattie,5.88
2017-11-18 14:00:00,Panther_education_Mattie,5.76
2017-11-18 15:00:00,Panther_education_Mattie,6.24
2017-11-18 16:00:00,Panther_education_Mattie,5.64
2017-11-18 17:00:00,Panther_education_Mattie,5.64
2017-11-18 18:00:00,Panther_education_Mattie,4.92
2017-11-18 19:00:00,Panther_education_Mattie,4.44
2017-11-18 20:00:00,Panther_education_Mattie,3.96
2017-11-18 21:00:00,Panther_education_Mattie,3.72
2017-11-18 22:00:00,Panther_education_Mattie,3.48
2017-11-18 23:00:00,Panther_education_Mattie,2.4
2017-11-19 00:00:00,Panther_education_Mattie,2.16
2017-11-19 01:00:00,Panther_education_Mattie,2.28
2017-11-19 02:00:00,Panther_education_Mattie,1.92
2017-11-19 03:00:00,Panther_education_Mattie,2.16
2017-11-19 04:00:00,Panther_education_Mattie,1.92
2017-11-19 05:00:00,Panther_education_Mattie,2.28
2017-11-19 06:00:00,Panther_education_Mattie,2.04
2017-11-19 07:00:00,Panther_education_Mattie,2.52
2017-11-19 08:00:00,Panther_education_Mattie,2.52
2017-11-19 09:00:00,Panther_education_Mattie,4.2
2017-11-19 10:00:00,Panther_education_Mattie,5.88
2017-11-19 11:00:00,Panther_education_Mattie,8.52
2017-11-19 12:00:00,Panther_education_Mattie,8.76
2017-11-19 13:00:00,Panther_education_Mattie,9.0
2017-11-19 14:00:00,Panther_education_Mattie,8.88
2017-11-19 15:00:00,Panther_education_Mattie,8.64
2017-11-19 16:00:00,Panther_education_Mattie,8.52
2017-11-19 17:00:00,Panther_education_Mattie,8.04
2017-11-19 18:00:00,Panther_education_Mattie,8.04
2017-11-19 19:00:00,Panther_education_Mattie,6.0
2017-11-19 20:00:00,Panther_education_Mattie,5.04
2017-11-19 21:00:00,Panther_education_Mattie,3.72
2017-11-19 22:00:00,Panther_education_Mattie,2.64
2017-11-19 23:00:00,Panther_education_Mattie,1.92
2017-11-20 00:00:00,Panther_education_Mattie,2.28
2017-11-20 01:00:00,Panther_education_Mattie,2.04
2017-11-20 02:00:00,Panther_education_Mattie,2.16
2017-11-20 03:00:00,Panther_education_Mattie,2.16
2017-11-20 04:00:00,Panther_education_Mattie,2.04
2017-11-20 05:00:00,Panther_education_Mattie,2.04
2017-11-20 06:00:00,Panther_education_Mattie,1.92
2017-11-20 07:00:00,Panther_education_Mattie,3.0
2017-11-20 08:00:00,Panther_education_Mattie,3.36
2017-11-20 09:00:00,Panther_education_Mattie,5.04
2017-11-20 10:00:00,Panther_education_Mattie,4.92
2017-11-20 11:00:00,Panther_education_Mattie,6.36
2017-11-20 12:00:00,Panther_education_Mattie,6.84
2017-11-20 13:00:00,Panther_education_Mattie,7.92
2017-11-20 14:00:00,Panther_education_Mattie,8.28
2017-11-20 15:00:00,Panther_education_Mattie,8.64
2017-11-20 16:00:00,Panther_education_Mattie,7.68
2017-11-20 17:00:00,Panther_education_Mattie,6.48
2017-11-20 18:00:00,Panther_education_Mattie,5.28
2017-11-20 19:00:00,Panther_education_Mattie,4.92
2017-11-20 20:00:00,Panther_education_Mattie,3.84
2017-11-20 21:00:00,Panther_education_Mattie,3.96
2017-11-20 22:00:00,Panther_education_Mattie,3.36
2017-11-20 23:00:00,Panther_education_Mattie,3.24
2017-11-21 00:00:00,Panther_education_Mattie,3.0
2017-11-21 01:00:00,Panther_education_Mattie,3.0
2017-11-21 02:00:00,Panther_education_Mattie,3.0
2017-11-21 03:00:00,Panther_education_Mattie,2.88
2017-11-21 04:00:00,Panther_education_Mattie,2.76
2017-11-21 05:00:00,Panther_education_Mattie,3.12
2017-11-21 06:00:00,Panther_education_Mattie,3.0
2017-11-21 07:00:00,Panther_education_Mattie,3.0
2017-11-21 08:00:00,Panther_education_Mattie,5.76
2017-11-21 09:00:00,Panther_education_Mattie,6.12
2017-11-21 10:00:00,Panther_education_Mattie,6.6
2017-11-21 11:00:00,Panther_education_Mattie,8.64
2017-11-21 12:00:00,Panther_education_Mattie,8.52
2017-11-21 13:00:00,Panther_education_Mattie,9.0
2017-11-21 14:00:00,Panther_education_Mattie,8.88
2017-11-21 15:00:00,Panther_education_Mattie,9.12
2017-11-21 16:00:00,Panther_education_Mattie,8.76
2017-11-21 17:00:00,Panther_education_Mattie,6.96
2017-11-21 18:00:00,Panther_education_Mattie,5.88
2017-11-21 19:00:00,Panther_education_Mattie,5.76
2017-11-21 20:00:00,Panther_education_Mattie,4.56
2017-11-21 21:00:00,Panther_education_Mattie,4.92
2017-11-21 22:00:00,Panther_education_Mattie,4.8
2017-11-21 23:00:00,Panther_education_Mattie,3.36
2017-11-22 00:00:00,Panther_education_Mattie,3.48
2017-11-22 01:00:00,Panther_education_Mattie,3.12
2017-11-22 02:00:00,Panther_education_Mattie,3.48
2017-11-22 03:00:00,Panther_education_Mattie,3.6
2017-11-22 04:00:00,Panther_education_Mattie,3.0
2017-11-22 05:00:00,Panther_education_Mattie,3.36
2017-11-22 06:00:00,Panther_education_Mattie,3.6
2017-11-22 07:00:00,Panther_education_Mattie,4.2
2017-11-22 08:00:00,Panther_education_Mattie,5.16
2017-11-22 09:00:00,Panther_education_Mattie,5.76
2017-11-22 10:00:00,Panther_education_Mattie,8.04
2017-11-22 11:00:00,Panther_education_Mattie,8.16
2017-11-22 12:00:00,Panther_education_Mattie,10.56
2017-11-22 13:00:00,Panther_education_Mattie,11.16
2017-11-22 14:00:00,Panther_education_Mattie,9.48
2017-11-22 15:00:00,Panther_education_Mattie,9.48
2017-11-22 16:00:00,Panther_education_Mattie,9.84
2017-11-22 17:00:00,Panther_education_Mattie,8.76
2017-11-22 18:00:00,Panther_education_Mattie,8.04
2017-11-22 19:00:00,Panther_education_Mattie,6.96
2017-11-22 20:00:00,Panther_education_Mattie,6.0
2017-11-22 21:00:00,Panther_education_Mattie,5.76
2017-11-22 22:00:00,Panther_education_Mattie,4.92
2017-11-22 23:00:00,Panther_education_Mattie,4.56
2017-11-23 00:00:00,Panther_education_Mattie,4.68
2017-11-23 01:00:00,Panther_education_Mattie,4.68
2017-11-23 02:00:00,Panther_education_Mattie,4.8
2017-11-23 03:00:00,Panther_education_Mattie,4.92
2017-11-23 04:00:00,Panther_education_Mattie,4.92
2017-11-23 05:00:00,Panther_education_Mattie,4.92
2017-11-23 06:00:00,Panther_education_Mattie,6.12
2017-11-23 07:00:00,Panther_education_Mattie,5.88
2017-11-23 08:00:00,Panther_education_Mattie,6.12
2017-11-23 09:00:00,Panther_education_Mattie,6.36
2017-11-23 10:00:00,Panther_education_Mattie,6.6
2017-11-23 11:00:00,Panther_education_Mattie,7.08
2017-11-23 12:00:00,Panther_education_Mattie,6.6
2017-11-23 13:00:00,Panther_education_Mattie,7.44
2017-11-23 14:00:00,Panther_education_Mattie,7.44
2017-11-23 15:00:00,Panther_education_Mattie,8.04
2017-11-23 16:00:00,Panther_education_Mattie,7.08
2017-11-23 17:00:00,Panther_education_Mattie,7.32
2017-11-23 18:00:00,Panther_education_Mattie,6.36
2017-11-23 19:00:00,Panther_education_Mattie,6.12
2017-11-23 20:00:00,Panther_education_Mattie,6.12
2017-11-23 21:00:00,Panther_education_Mattie,5.76
2017-11-23 22:00:00,Panther_education_Mattie,5.4
2017-11-23 23:00:00,Panther_education_Mattie,4.92
2017-11-24 00:00:00,Panther_education_Mattie,4.92
2017-11-24 01:00:00,Panther_education_Mattie,5.04
2017-11-24 02:00:00,Panther_education_Mattie,4.8
2017-11-24 03:00:00,Panther_education_Mattie,5.04
2017-11-24 04:00:00,Panther_education_Mattie,4.68
2017-11-24 05:00:00,Panther_education_Mattie,4.2
2017-11-24 06:00:00,Panther_education_Mattie,5.04
2017-11-24 07:00:00,Panther_education_Mattie,4.32
2017-11-24 08:00:00,Panther_education_Mattie,3.48
2017-11-24 09:00:00,Panther_education_Mattie,3.6
2017-11-24 10:00:00,Panther_education_Mattie,3.6
2017-11-24 11:00:00,Panther_education_Mattie,3.48
2017-11-24 12:00:00,Panther_education_Mattie,3.48
2017-11-24 13:00:00,Panther_education_Mattie,4.08
2017-11-24 14:00:00,Panther_education_Mattie,3.96
2017-11-24 15:00:00,Panther_education_Mattie,3.72
2017-11-24 16:00:00,Panther_education_Mattie,3.96
2017-11-24 17:00:00,Panther_education_Mattie,3.6
2017-11-24 18:00:00,Panther_education_Mattie,3.6
2017-11-24 19:00:00,Panther_education_Mattie,3.36
2017-11-24 20:00:00,Panther_education_Mattie,3.36
2017-11-24 21:00:00,Panther_education_Mattie,3.24
2017-11-24 22:00:00,Panther_education_Mattie,3.0
2017-11-24 23:00:00,Panther_education_Mattie,2.52
2017-11-25 00:00:00,Panther_education_Mattie,2.28
2017-11-25 01:00:00,Panther_education_Mattie,2.04
2017-11-25 02:00:00,Panther_education_Mattie,2.16
2017-11-25 03:00:00,Panther_education_Mattie,2.04
2017-11-25 04:00:00,Panther_education_Mattie,2.28
2017-11-25 05:00:00,Panther_education_Mattie,2.16
2017-11-25 06:00:00,Panther_education_Mattie,2.04
2017-11-25 07:00:00,Panther_education_Mattie,2.16
2017-11-25 08:00:00,Panther_education_Mattie,1.8
2017-11-25 09:00:00,Panther_education_Mattie,2.16
2017-11-25 10:00:00,Panther_education_Mattie,1.92
2017-11-25 11:00:00,Panther_education_Mattie,2.16
2017-11-25 12:00:00,Panther_education_Mattie,1.92
2017-11-25 13:00:00,Panther_education_Mattie,3.0
2017-11-25 14:00:00,Panther_education_Mattie,3.48
2017-11-25 15:00:00,Panther_education_Mattie,4.32
2017-11-25 16:00:00,Panther_education_Mattie,4.08
2017-11-25 17:00:00,Panther_education_Mattie,3.96
2017-11-25 18:00:00,Panther_education_Mattie,3.36
2017-11-25 19:00:00,Panther_education_Mattie,2.64
2017-11-25 20:00:00,Panther_education_Mattie,2.16
2017-11-25 21:00:00,Panther_education_Mattie,2.04
2017-11-25 22:00:00,Panther_education_Mattie,2.16
2017-11-25 23:00:00,Panther_education_Mattie,1.92
2017-11-26 00:00:00,Panther_education_Mattie,2.16
2017-11-26 01:00:00,Panther_education_Mattie,2.04
2017-11-26 02:00:00,Panther_education_Mattie,2.04
2017-11-26 03:00:00,Panther_education_Mattie,2.16
2017-11-26 04:00:00,Panther_education_Mattie,2.04
2017-11-26 05:00:00,Panther_education_Mattie,2.16
2017-11-26 06:00:00,Panther_education_Mattie,2.4
2017-11-26 07:00:00,Panther_education_Mattie,2.76
2017-11-26 08:00:00,Panther_education_Mattie,3.0
2017-11-26 09:00:00,Panther_education_Mattie,2.52
2017-11-26 10:00:00,Panther_education_Mattie,2.16
2017-11-26 11:00:00,Panther_education_Mattie,1.8
2017-11-26 12:00:00,Panther_education_Mattie,2.52
2017-11-26 13:00:00,Panther_education_Mattie,3.12
2017-11-26 14:00:00,Panther_education_Mattie,3.84
2017-11-26 15:00:00,Panther_education_Mattie,4.68
2017-11-26 16:00:00,Panther_education_Mattie,4.8
2017-11-26 17:00:00,Panther_education_Mattie,3.48
2017-11-26 18:00:00,Panther_education_Mattie,3.0
2017-11-26 19:00:00,Panther_education_Mattie,2.28
2017-11-26 20:00:00,Panther_education_Mattie,2.16
2017-11-26 21:00:00,Panther_education_Mattie,2.04
2017-11-26 22:00:00,Panther_education_Mattie,1.92
2017-11-26 23:00:00,Panther_education_Mattie,2.04
2017-11-27 00:00:00,Panther_education_Mattie,2.28
2017-11-27 01:00:00,Panther_education_Mattie,1.8
2017-11-27 02:00:00,Panther_education_Mattie,2.16
2017-11-27 03:00:00,Panther_education_Mattie,2.04
2017-11-27 04:00:00,Panther_education_Mattie,2.16
2017-11-27 05:00:00,Panther_education_Mattie,2.16
2017-11-27 06:00:00,Panther_education_Mattie,2.88
2017-11-27 07:00:00,Panther_education_Mattie,2.76
2017-11-27 08:00:00,Panther_education_Mattie,3.36
2017-11-27 09:00:00,Panther_education_Mattie,4.68
2017-11-27 10:00:00,Panther_education_Mattie,4.68
2017-11-27 11:00:00,Panther_education_Mattie,7.32
2017-11-27 12:00:00,Panther_education_Mattie,6.36
2017-11-27 13:00:00,Panther_education_Mattie,7.8
2017-11-27 14:00:00,Panther_education_Mattie,9.12
2017-11-27 15:00:00,Panther_education_Mattie,9.72
2017-11-27 16:00:00,Panther_education_Mattie,8.76
2017-11-27 17:00:00,Panther_education_Mattie,7.08
2017-11-27 18:00:00,Panther_education_Mattie,8.16
2017-11-27 19:00:00,Panther_education_Mattie,6.0
2017-11-27 20:00:00,Panther_education_Mattie,6.36
2017-11-27 21:00:00,Panther_education_Mattie,8.88
2017-11-27 22:00:00,Panther_education_Mattie,7.92
2017-11-27 23:00:00,Panther_education_Mattie,5.04
2017-11-28 00:00:00,Panther_education_Mattie,3.84
2017-11-28 01:00:00,Panther_education_Mattie,3.36
2017-11-28 02:00:00,Panther_education_Mattie,2.64
2017-11-28 03:00:00,Panther_education_Mattie,2.52
2017-11-28 04:00:00,Panther_education_Mattie,2.52
2017-11-28 05:00:00,Panther_education_Mattie,1.92
2017-11-28 06:00:00,Panther_education_Mattie,2.4
2017-11-28 07:00:00,Panther_education_Mattie,2.76
2017-11-28 08:00:00,Panther_education_Mattie,4.08
2017-11-28 09:00:00,Panther_education_Mattie,6.12
2017-11-28 10:00:00,Panther_education_Mattie,12.36
2017-11-28 11:00:00,Panther_education_Mattie,13.56
2017-11-28 12:00:00,Panther_education_Mattie,14.64
2017-11-28 13:00:00,Panther_education_Mattie,14.04
2017-11-28 14:00:00,Panther_education_Mattie,13.56
2017-11-28 15:00:00,Panther_education_Mattie,14.04
2017-11-28 16:00:00,Panther_education_Mattie,12.84
2017-11-28 17:00:00,Panther_education_Mattie,11.88
2017-11-28 18:00:00,Panther_education_Mattie,9.6
2017-11-28 19:00:00,Panther_education_Mattie,8.64
2017-11-28 20:00:00,Panther_education_Mattie,8.88
2017-11-28 21:00:00,Panther_education_Mattie,8.4
2017-11-28 22:00:00,Panther_education_Mattie,5.52
2017-11-28 23:00:00,Panther_education_Mattie,4.8
2017-11-29 00:00:00,Panther_education_Mattie,4.92
2017-11-29 01:00:00,Panther_education_Mattie,4.92
2017-11-29 02:00:00,Panther_education_Mattie,4.68
2017-11-29 03:00:00,Panther_education_Mattie,4.92
2017-11-29 04:00:00,Panther_education_Mattie,4.44
2017-11-29 05:00:00,Panther_education_Mattie,4.68
2017-11-29 06:00:00,Panther_education_Mattie,5.4
2017-11-29 07:00:00,Panther_education_Mattie,5.4
2017-11-29 08:00:00,Panther_education_Mattie,7.92
2017-11-29 09:00:00,Panther_education_Mattie,9.36
2017-11-29 10:00:00,Panther_education_Mattie,9.6
2017-11-29 11:00:00,Panther_education_Mattie,10.44
2017-11-29 12:00:00,Panther_education_Mattie,10.56
2017-11-29 13:00:00,Panther_education_Mattie,12.0
2017-11-29 14:00:00,Panther_education_Mattie,12.84
2017-11-29 15:00:00,Panther_education_Mattie,11.16
2017-11-29 16:00:00,Panther_education_Mattie,10.68
2017-11-29 17:00:00,Panther_education_Mattie,9.84
2017-11-29 18:00:00,Panther_education_Mattie,7.2
2017-11-29 19:00:00,Panther_education_Mattie,6.48
2017-11-29 20:00:00,Panther_education_Mattie,6.6
2017-11-29 21:00:00,Panther_education_Mattie,6.0
2017-11-29 22:00:00,Panther_education_Mattie,5.16
2017-11-29 23:00:00,Panther_education_Mattie,5.04
2017-11-30 00:00:00,Panther_education_Mattie,4.32
2017-11-30 01:00:00,Panther_education_Mattie,4.56
2017-11-30 02:00:00,Panther_education_Mattie,4.2
2017-11-30 03:00:00,Panther_education_Mattie,4.68
2017-11-30 04:00:00,Panther_education_Mattie,4.56
2017-11-30 05:00:00,Panther_education_Mattie,4.32
2017-11-30 06:00:00,Panther_education_Mattie,5.04
2017-11-30 07:00:00,Panther_education_Mattie,4.92
2017-11-30 08:00:00,Panther_education_Mattie,5.88
2017-11-30 09:00:00,Panther_education_Mattie,7.56
2017-11-30 10:00:00,Panther_education_Mattie,9.6
2017-11-30 11:00:00,Panther_education_Mattie,11.04
2017-11-30 12:00:00,Panther_education_Mattie,11.64
2017-11-30 13:00:00,Panther_education_Mattie,12.12
2017-11-30 14:00:00,Panther_education_Mattie,12.6
2017-11-30 15:00:00,Panther_education_Mattie,12.48
2017-11-30 16:00:00,Panther_education_Mattie,11.28
2017-11-30 17:00:00,Panther_education_Mattie,8.52
2017-11-30 18:00:00,Panther_education_Mattie,6.36
2017-11-30 19:00:00,Panther_education_Mattie,6.36
2017-11-30 20:00:00,Panther_education_Mattie,5.4
2017-11-30 21:00:00,Panther_education_Mattie,4.8
2017-11-30 22:00:00,Panther_education_Mattie,4.08
2017-11-30 23:00:00,Panther_education_Mattie,3.36
2017-12-01 00:00:00,Panther_education_Mattie,3.48
2017-12-01 01:00:00,Panther_education_Mattie,3.0
2017-12-01 02:00:00,Panther_education_Mattie,3.12
2017-12-01 03:00:00,Panther_education_Mattie,2.76
2017-12-01 04:00:00,Panther_education_Mattie,2.64
2017-12-01 05:00:00,Panther_education_Mattie,2.76
2017-12-01 06:00:00,Panther_education_Mattie,2.64
2017-12-01 07:00:00,Panther_education_Mattie,2.88
2017-12-01 08:00:00,Panther_education_Mattie,5.28
2017-12-01 09:00:00,Panther_education_Mattie,8.4
2017-12-01 10:00:00,Panther_education_Mattie,9.0
2017-12-01 11:00:00,Panther_education_Mattie,9.72
2017-12-01 12:00:00,Panther_education_Mattie,10.56
2017-12-01 13:00:00,Panther_education_Mattie,11.64
2017-12-01 14:00:00,Panther_education_Mattie,11.4
2017-12-01 15:00:00,Panther_education_Mattie,11.52
2017-12-01 16:00:00,Panther_education_Mattie,11.52
2017-12-01 17:00:00,Panther_education_Mattie,10.08
2017-12-01 18:00:00,Panther_education_Mattie,9.12
2017-12-01 19:00:00,Panther_education_Mattie,7.8
2017-12-01 20:00:00,Panther_education_Mattie,6.36
2017-12-01 21:00:00,Panther_education_Mattie,4.92
2017-12-01 22:00:00,Panther_education_Mattie,4.2
2017-12-01 23:00:00,Panther_education_Mattie,3.48
2017-12-02 00:00:00,Panther_education_Mattie,3.36
2017-12-02 01:00:00,Panther_education_Mattie,3.36
2017-12-02 02:00:00,Panther_education_Mattie,3.48
2017-12-02 03:00:00,Panther_education_Mattie,2.88
2017-12-02 04:00:00,Panther_education_Mattie,3.6
2017-12-02 05:00:00,Panther_education_Mattie,2.88
2017-12-02 06:00:00,Panther_education_Mattie,4.08
2017-12-02 07:00:00,Panther_education_Mattie,3.96
2017-12-02 08:00:00,Panther_education_Mattie,4.44
2017-12-02 09:00:00,Panther_education_Mattie,5.52
2017-12-02 10:00:00,Panther_education_Mattie,6.48
2017-12-02 11:00:00,Panther_education_Mattie,6.0
2017-12-02 12:00:00,Panther_education_Mattie,6.36
2017-12-02 13:00:00,Panther_education_Mattie,6.48
2017-12-02 14:00:00,Panther_education_Mattie,8.4
2017-12-02 15:00:00,Panther_education_Mattie,8.16
2017-12-02 16:00:00,Panther_education_Mattie,9.12
2017-12-02 17:00:00,Panther_education_Mattie,7.92
2017-12-02 18:00:00,Panther_education_Mattie,7.56
2017-12-02 19:00:00,Panther_education_Mattie,6.96
2017-12-02 20:00:00,Panther_education_Mattie,5.88
2017-12-02 21:00:00,Panther_education_Mattie,5.04
2017-12-02 22:00:00,Panther_education_Mattie,4.2
2017-12-02 23:00:00,Panther_education_Mattie,3.12
2017-12-03 00:00:00,Panther_education_Mattie,3.24
2017-12-03 01:00:00,Panther_education_Mattie,2.64
2017-12-03 02:00:00,Panther_education_Mattie,2.88
2017-12-03 03:00:00,Panther_education_Mattie,2.4
2017-12-03 04:00:00,Panther_education_Mattie,2.4
2017-12-03 05:00:00,Panther_education_Mattie,2.16
2017-12-03 06:00:00,Panther_education_Mattie,2.52
2017-12-03 07:00:00,Panther_education_Mattie,2.16
2017-12-03 08:00:00,Panther_education_Mattie,2.4
2017-12-03 09:00:00,Panther_education_Mattie,2.88
2017-12-03 10:00:00,Panther_education_Mattie,3.72
2017-12-03 11:00:00,Panther_education_Mattie,5.04
2017-12-03 12:00:00,Panther_education_Mattie,6.48
2017-12-03 13:00:00,Panther_education_Mattie,6.48
2017-12-03 14:00:00,Panther_education_Mattie,7.08
2017-12-03 15:00:00,Panther_education_Mattie,6.96
2017-12-03 16:00:00,Panther_education_Mattie,6.96
2017-12-03 17:00:00,Panther_education_Mattie,7.08
2017-12-03 18:00:00,Panther_education_Mattie,7.56
2017-12-03 19:00:00,Panther_education_Mattie,6.12
2017-12-03 20:00:00,Panther_education_Mattie,5.28
2017-12-03 21:00:00,Panther_education_Mattie,4.8
2017-12-03 22:00:00,Panther_education_Mattie,3.84
2017-12-03 23:00:00,Panther_education_Mattie,3.36
2017-12-04 00:00:00,Panther_education_Mattie,3.36
2017-12-04 01:00:00,Panther_education_Mattie,3.0
2017-12-04 02:00:00,Panther_education_Mattie,2.64
2017-12-04 03:00:00,Panther_education_Mattie,2.4
2017-12-04 04:00:00,Panther_education_Mattie,2.64
2017-12-04 05:00:00,Panther_education_Mattie,2.04
2017-12-04 06:00:00,Panther_education_Mattie,2.64
2017-12-04 07:00:00,Panther_education_Mattie,2.76
2017-12-04 08:00:00,Panther_education_Mattie,3.72
2017-12-04 09:00:00,Panther_education_Mattie,6.84
2017-12-04 10:00:00,Panther_education_Mattie,8.04
2017-12-04 11:00:00,Panther_education_Mattie,9.6
2017-12-04 12:00:00,Panther_education_Mattie,8.76
2017-12-04 13:00:00,Panther_education_Mattie,10.2
2017-12-04 14:00:00,Panther_education_Mattie,10.92
2017-12-04 15:00:00,Panther_education_Mattie,9.36
2017-12-04 16:00:00,Panther_education_Mattie,8.16
2017-12-04 17:00:00,Panther_education_Mattie,8.4
2017-12-04 18:00:00,Panther_education_Mattie,7.32
2017-12-04 19:00:00,Panther_education_Mattie,6.96
2017-12-04 20:00:00,Panther_education_Mattie,6.0
2017-12-04 21:00:00,Panther_education_Mattie,5.28
2017-12-04 22:00:00,Panther_education_Mattie,4.56
2017-12-04 23:00:00,Panther_education_Mattie,3.6
2017-12-05 00:00:00,Panther_education_Mattie,3.72
2017-12-05 01:00:00,Panther_education_Mattie,3.6
2017-12-05 02:00:00,Panther_education_Mattie,3.24
2017-12-05 03:00:00,Panther_education_Mattie,3.12
2017-12-05 04:00:00,Panther_education_Mattie,2.76
2017-12-05 05:00:00,Panther_education_Mattie,2.88
2017-12-05 06:00:00,Panther_education_Mattie,3.48
2017-12-05 07:00:00,Panther_education_Mattie,3.96
2017-12-05 08:00:00,Panther_education_Mattie,3.96
2017-12-05 09:00:00,Panther_education_Mattie,6.24
2017-12-05 10:00:00,Panther_education_Mattie,7.2
2017-12-05 11:00:00,Panther_education_Mattie,8.04
2017-12-05 12:00:00,Panther_education_Mattie,8.64
2017-12-05 13:00:00,Panther_education_Mattie,9.24
2017-12-05 14:00:00,Panther_education_Mattie,10.32
2017-12-05 15:00:00,Panther_education_Mattie,9.6
2017-12-05 16:00:00,Panther_education_Mattie,10.68
2017-12-05 17:00:00,Panther_education_Mattie,8.64
2017-12-05 18:00:00,Panther_education_Mattie,8.28
2017-12-05 19:00:00,Panther_education_Mattie,7.92
2017-12-05 20:00:00,Panther_education_Mattie,7.56
2017-12-05 21:00:00,Panther_education_Mattie,6.72
2017-12-05 22:00:00,Panther_education_Mattie,5.64
2017-12-05 23:00:00,Panther_education_Mattie,5.4
2017-12-06 00:00:00,Panther_education_Mattie,5.28
2017-12-06 01:00:00,Panther_education_Mattie,5.04
2017-12-06 02:00:00,Panther_education_Mattie,4.92
2017-12-06 03:00:00,Panther_education_Mattie,4.8
2017-12-06 04:00:00,Panther_education_Mattie,4.32
2017-12-06 05:00:00,Panther_education_Mattie,3.96
2017-12-06 06:00:00,Panther_education_Mattie,5.64
2017-12-06 07:00:00,Panther_education_Mattie,6.96
2017-12-06 08:00:00,Panther_education_Mattie,8.28
2017-12-06 09:00:00,Panther_education_Mattie,9.48
2017-12-06 10:00:00,Panther_education_Mattie,11.16
2017-12-06 11:00:00,Panther_education_Mattie,11.52
2017-12-06 12:00:00,Panther_education_Mattie,12.24
2017-12-06 13:00:00,Panther_education_Mattie,13.56
2017-12-06 14:00:00,Panther_education_Mattie,11.4
2017-12-06 15:00:00,Panther_education_Mattie,10.8
2017-12-06 16:00:00,Panther_education_Mattie,10.92
2017-12-06 17:00:00,Panther_education_Mattie,8.04
2017-12-06 18:00:00,Panther_education_Mattie,8.64
2017-12-06 19:00:00,Panther_education_Mattie,7.92
2017-12-06 20:00:00,Panther_education_Mattie,7.08
2017-12-06 21:00:00,Panther_education_Mattie,6.36
2017-12-06 22:00:00,Panther_education_Mattie,5.88
2017-12-06 23:00:00,Panther_education_Mattie,4.56
2017-12-07 00:00:00,Panther_education_Mattie,4.2
2017-12-07 01:00:00,Panther_education_Mattie,4.2
2017-12-07 02:00:00,Panther_education_Mattie,3.48
2017-12-07 03:00:00,Panther_education_Mattie,3.6
2017-12-07 04:00:00,Panther_education_Mattie,3.12
2017-12-07 05:00:00,Panther_education_Mattie,3.24
2017-12-07 06:00:00,Panther_education_Mattie,3.84
2017-12-07 07:00:00,Panther_education_Mattie,4.2
2017-12-07 08:00:00,Panther_education_Mattie,4.92
2017-12-07 09:00:00,Panther_education_Mattie,7.08
2017-12-07 10:00:00,Panther_education_Mattie,7.2
2017-12-07 11:00:00,Panther_education_Mattie,5.76
2017-12-07 12:00:00,Panther_education_Mattie,7.32
2017-12-07 13:00:00,Panther_education_Mattie,7.44
2017-12-07 14:00:00,Panther_education_Mattie,5.88
2017-12-07 15:00:00,Panther_education_Mattie,6.6
2017-12-07 16:00:00,Panther_education_Mattie,7.68
2017-12-07 17:00:00,Panther_education_Mattie,6.0
2017-12-07 18:00:00,Panther_education_Mattie,5.64
2017-12-07 19:00:00,Panther_education_Mattie,5.52
2017-12-07 20:00:00,Panther_education_Mattie,5.4
2017-12-07 21:00:00,Panther_education_Mattie,5.4
2017-12-07 22:00:00,Panther_education_Mattie,4.68
2017-12-07 23:00:00,Panther_education_Mattie,4.68
2017-12-08 00:00:00,Panther_education_Mattie,4.44
2017-12-08 01:00:00,Panther_education_Mattie,3.84
2017-12-08 02:00:00,Panther_education_Mattie,3.84
2017-12-08 03:00:00,Panther_education_Mattie,3.0
2017-12-08 04:00:00,Panther_education_Mattie,2.76
2017-12-08 05:00:00,Panther_education_Mattie,2.64
2017-12-08 06:00:00,Panther_education_Mattie,3.72
2017-12-08 07:00:00,Panther_education_Mattie,3.48
2017-12-08 08:00:00,Panther_education_Mattie,3.72
2017-12-08 09:00:00,Panther_education_Mattie,5.64
2017-12-08 10:00:00,Panther_education_Mattie,5.04
2017-12-08 11:00:00,Panther_education_Mattie,8.4
2017-12-08 12:00:00,Panther_education_Mattie,12.36
2017-12-08 13:00:00,Panther_education_Mattie,12.96
2017-12-08 14:00:00,Panther_education_Mattie,13.32
2017-12-08 15:00:00,Panther_education_Mattie,13.2
2017-12-08 16:00:00,Panther_education_Mattie,12.12
2017-12-08 17:00:00,Panther_education_Mattie,11.28
2017-12-08 18:00:00,Panther_education_Mattie,9.96
2017-12-08 19:00:00,Panther_education_Mattie,10.08
2017-12-08 20:00:00,Panther_education_Mattie,9.12
2017-12-08 21:00:00,Panther_education_Mattie,9.48
2017-12-08 22:00:00,Panther_education_Mattie,6.6
2017-12-08 23:00:00,Panther_education_Mattie,5.4
2017-12-09 00:00:00,Panther_education_Mattie,5.04
2017-12-09 01:00:00,Panther_education_Mattie,5.52
2017-12-09 02:00:00,Panther_education_Mattie,5.16
2017-12-09 03:00:00,Panther_education_Mattie,5.52
2017-12-09 04:00:00,Panther_education_Mattie,5.04
2017-12-09 05:00:00,Panther_education_Mattie,4.44
2017-12-09 06:00:00,Panther_education_Mattie,4.08
2017-12-09 07:00:00,Panther_education_Mattie,2.64
2017-12-09 08:00:00,Panther_education_Mattie,2.28
2017-12-09 09:00:00,Panther_education_Mattie,2.04
2017-12-09 10:00:00,Panther_education_Mattie,2.16
2017-12-09 11:00:00,Panther_education_Mattie,1.92
2017-12-09 12:00:00,Panther_education_Mattie,2.16
2017-12-09 13:00:00,Panther_education_Mattie,2.04
2017-12-09 14:00:00,Panther_education_Mattie,2.04
2017-12-09 15:00:00,Panther_education_Mattie,1.8
2017-12-09 16:00:00,Panther_education_Mattie,2.04
2017-12-09 17:00:00,Panther_education_Mattie,2.16
2017-12-09 18:00:00,Panther_education_Mattie,2.04
2017-12-09 19:00:00,Panther_education_Mattie,1.92
2017-12-09 20:00:00,Panther_education_Mattie,2.04
2017-12-09 21:00:00,Panther_education_Mattie,2.28
2017-12-09 22:00:00,Panther_education_Mattie,3.0
2017-12-09 23:00:00,Panther_education_Mattie,4.32
2017-12-10 00:00:00,Panther_education_Mattie,4.44
2017-12-10 01:00:00,Panther_education_Mattie,5.28
2017-12-10 02:00:00,Panther_education_Mattie,5.16
2017-12-10 03:00:00,Panther_education_Mattie,5.88
2017-12-10 04:00:00,Panther_education_Mattie,6.12
2017-12-10 05:00:00,Panther_education_Mattie,6.84
2017-12-10 06:00:00,Panther_education_Mattie,6.36
2017-12-10 07:00:00,Panther_education_Mattie,6.96
2017-12-10 08:00:00,Panther_education_Mattie,6.96
2017-12-10 09:00:00,Panther_education_Mattie,6.36
2017-12-10 10:00:00,Panther_education_Mattie,5.52
2017-12-10 11:00:00,Panther_education_Mattie,4.44
2017-12-10 12:00:00,Panther_education_Mattie,2.76
2017-12-10 13:00:00,Panther_education_Mattie,2.4
2017-12-10 14:00:00,Panther_education_Mattie,2.16
2017-12-10 15:00:00,Panther_education_Mattie,1.92
2017-12-10 16:00:00,Panther_education_Mattie,2.4
2017-12-10 17:00:00,Panther_education_Mattie,2.88
2017-12-10 18:00:00,Panther_education_Mattie,3.84
2017-12-10 19:00:00,Panther_education_Mattie,4.56
2017-12-10 20:00:00,Panther_education_Mattie,5.04
2017-12-10 21:00:00,Panther_education_Mattie,5.28
2017-12-10 22:00:00,Panther_education_Mattie,5.4
2017-12-10 23:00:00,Panther_education_Mattie,5.76
2017-12-11 00:00:00,Panther_education_Mattie,6.12
2017-12-11 01:00:00,Panther_education_Mattie,6.48
2017-12-11 02:00:00,Panther_education_Mattie,6.6
2017-12-11 03:00:00,Panther_education_Mattie,6.6
2017-12-11 04:00:00,Panther_education_Mattie,6.96
2017-12-11 05:00:00,Panther_education_Mattie,7.2
2017-12-11 06:00:00,Panther_education_Mattie,7.32
2017-12-11 07:00:00,Panther_education_Mattie,7.2
2017-12-11 08:00:00,Panther_education_Mattie,14.28
2017-12-11 09:00:00,Panther_education_Mattie,19.08
2017-12-11 10:00:00,Panther_education_Mattie,18.12
2017-12-11 11:00:00,Panther_education_Mattie,17.16
2017-12-11 12:00:00,Panther_education_Mattie,15.24
2017-12-11 13:00:00,Panther_education_Mattie,15.0
2017-12-11 14:00:00,Panther_education_Mattie,11.4
2017-12-11 15:00:00,Panther_education_Mattie,7.92
2017-12-11 16:00:00,Panther_education_Mattie,6.24
2017-12-11 17:00:00,Panther_education_Mattie,7.2
2017-12-11 18:00:00,Panther_education_Mattie,8.28
2017-12-11 19:00:00,Panther_education_Mattie,9.24
2017-12-11 20:00:00,Panther_education_Mattie,9.72
2017-12-11 21:00:00,Panther_education_Mattie,10.2
2017-12-11 22:00:00,Panther_education_Mattie,10.8
2017-12-11 23:00:00,Panther_education_Mattie,11.88
2017-12-12 00:00:00,Panther_education_Mattie,11.88
2017-12-12 01:00:00,Panther_education_Mattie,12.36
2017-12-12 02:00:00,Panther_education_Mattie,11.52
2017-12-12 03:00:00,Panther_education_Mattie,11.76
2017-12-12 04:00:00,Panther_education_Mattie,11.52
2017-12-12 05:00:00,Panther_education_Mattie,11.64
2017-12-12 06:00:00,Panther_education_Mattie,11.64
2017-12-12 07:00:00,Panther_education_Mattie,11.4
2017-12-12 08:00:00,Panther_education_Mattie,9.48
2017-12-12 09:00:00,Panther_education_Mattie,6.24
2017-12-12 10:00:00,Panther_education_Mattie,3.96
2017-12-12 11:00:00,Panther_education_Mattie,2.52
2017-12-12 12:00:00,Panther_education_Mattie,3.12
2017-12-12 13:00:00,Panther_education_Mattie,3.0
2017-12-12 14:00:00,Panther_education_Mattie,2.64
2017-12-12 15:00:00,Panther_education_Mattie,3.72
2017-12-12 16:00:00,Panther_education_Mattie,3.12
2017-12-12 17:00:00,Panther_education_Mattie,2.4
2017-12-12 18:00:00,Panther_education_Mattie,2.52
2017-12-12 19:00:00,Panther_education_Mattie,2.4
2017-12-12 20:00:00,Panther_education_Mattie,3.84
2017-12-12 21:00:00,Panther_education_Mattie,3.96
2017-12-12 22:00:00,Panther_education_Mattie,5.4
2017-12-12 23:00:00,Panther_education_Mattie,5.88
2017-12-13 00:00:00,Panther_education_Mattie,6.72
2017-12-13 01:00:00,Panther_education_Mattie,7.56
2017-12-13 02:00:00,Panther_education_Mattie,8.28
2017-12-13 03:00:00,Panther_education_Mattie,8.64
2017-12-13 04:00:00,Panther_education_Mattie,9.24
2017-12-13 05:00:00,Panther_education_Mattie,10.2
2017-12-13 06:00:00,Panther_education_Mattie,11.04
2017-12-13 07:00:00,Panther_education_Mattie,12.24
2017-12-13 08:00:00,Panther_education_Mattie,11.4
2017-12-13 09:00:00,Panther_education_Mattie,9.6
2017-12-13 10:00:00,Panther_education_Mattie,8.04
2017-12-13 11:00:00,Panther_education_Mattie,6.0
2017-12-13 12:00:00,Panther_education_Mattie,5.88
2017-12-13 13:00:00,Panther_education_Mattie,4.56
2017-12-13 14:00:00,Panther_education_Mattie,4.08
2017-12-13 15:00:00,Panther_education_Mattie,3.96
2017-12-13 16:00:00,Panther_education_Mattie,3.96
2017-12-13 17:00:00,Panther_education_Mattie,4.92
2017-12-13 18:00:00,Panther_education_Mattie,5.4
2017-12-13 19:00:00,Panther_education_Mattie,6.72
2017-12-13 20:00:00,Panther_education_Mattie,7.68
2017-12-13 21:00:00,Panther_education_Mattie,8.28
2017-12-13 22:00:00,Panther_education_Mattie,8.88
2017-12-13 23:00:00,Panther_education_Mattie,9.84
2017-12-14 00:00:00,Panther_education_Mattie,10.44
2017-12-14 01:00:00,Panther_education_Mattie,10.56
2017-12-14 02:00:00,Panther_education_Mattie,11.04
2017-12-14 03:00:00,Panther_education_Mattie,10.8
2017-12-14 04:00:00,Panther_education_Mattie,11.88
2017-12-14 05:00:00,Panther_education_Mattie,10.68
2017-12-14 06:00:00,Panther_education_Mattie,10.92
2017-12-14 07:00:00,Panther_education_Mattie,10.8
2017-12-14 08:00:00,Panther_education_Mattie,9.48
2017-12-14 09:00:00,Panther_education_Mattie,5.76
2017-12-14 10:00:00,Panther_education_Mattie,3.72
2017-12-14 11:00:00,Panther_education_Mattie,3.12
2017-12-14 12:00:00,Panther_education_Mattie,2.88
2017-12-14 13:00:00,Panther_education_Mattie,2.76
2017-12-14 14:00:00,Panther_education_Mattie,3.48
2017-12-14 15:00:00,Panther_education_Mattie,3.36
2017-12-14 16:00:00,Panther_education_Mattie,3.48
2017-12-14 17:00:00,Panther_education_Mattie,3.48
2017-12-14 18:00:00,Panther_education_Mattie,3.48
2017-12-14 19:00:00,Panther_education_Mattie,4.44
2017-12-14 20:00:00,Panther_education_Mattie,3.84
2017-12-14 21:00:00,Panther_education_Mattie,3.0
2017-12-14 22:00:00,Panther_education_Mattie,2.88
2017-12-14 23:00:00,Panther_education_Mattie,3.36
2017-12-15 00:00:00,Panther_education_Mattie,3.48
2017-12-15 01:00:00,Panther_education_Mattie,3.84
2017-12-15 02:00:00,Panther_education_Mattie,3.72
2017-12-15 03:00:00,Panther_education_Mattie,4.32
2017-12-15 04:00:00,Panther_education_Mattie,3.84
2017-12-15 05:00:00,Panther_education_Mattie,3.72
2017-12-15 06:00:00,Panther_education_Mattie,5.28
2017-12-15 07:00:00,Panther_education_Mattie,5.28
2017-12-15 08:00:00,Panther_education_Mattie,3.36
2017-12-15 09:00:00,Panther_education_Mattie,3.36
2017-12-15 10:00:00,Panther_education_Mattie,3.24
2017-12-15 11:00:00,Panther_education_Mattie,3.6
2017-12-15 12:00:00,Panther_education_Mattie,4.8
2017-12-15 13:00:00,Panther_education_Mattie,5.88
2017-12-15 14:00:00,Panther_education_Mattie,6.96
2017-12-15 15:00:00,Panther_education_Mattie,7.44
2017-12-15 16:00:00,Panther_education_Mattie,6.48
2017-12-15 17:00:00,Panther_education_Mattie,4.56
2017-12-15 18:00:00,Panther_education_Mattie,2.88
2017-12-15 19:00:00,Panther_education_Mattie,2.76
2017-12-15 20:00:00,Panther_education_Mattie,2.64
2017-12-15 21:00:00,Panther_education_Mattie,3.0
2017-12-15 22:00:00,Panther_education_Mattie,3.84
2017-12-15 23:00:00,Panther_education_Mattie,3.72
2017-12-16 00:00:00,Panther_education_Mattie,4.32
2017-12-16 01:00:00,Panther_education_Mattie,4.56
2017-12-16 02:00:00,Panther_education_Mattie,4.56
2017-12-16 03:00:00,Panther_education_Mattie,4.92
2017-12-16 04:00:00,Panther_education_Mattie,5.04
2017-12-16 05:00:00,Panther_education_Mattie,5.4
2017-12-16 06:00:00,Panther_education_Mattie,5.64
2017-12-16 07:00:00,Panther_education_Mattie,6.24
2017-12-16 08:00:00,Panther_education_Mattie,5.28
2017-12-16 09:00:00,Panther_education_Mattie,4.32
2017-12-16 10:00:00,Panther_education_Mattie,3.24
2017-12-16 11:00:00,Panther_education_Mattie,2.52
2017-12-16 12:00:00,Panther_education_Mattie,2.76
2017-12-16 13:00:00,Panther_education_Mattie,2.64
2017-12-16 14:00:00,Panther_education_Mattie,3.24
2017-12-16 15:00:00,Panther_education_Mattie,3.72
2017-12-16 16:00:00,Panther_education_Mattie,4.2
2017-12-16 17:00:00,Panther_education_Mattie,5.04
2017-12-16 18:00:00,Panther_education_Mattie,5.76
2017-12-16 19:00:00,Panther_education_Mattie,5.16
2017-12-16 20:00:00,Panther_education_Mattie,3.48
2017-12-16 21:00:00,Panther_education_Mattie,4.08
2017-12-16 22:00:00,Panther_education_Mattie,4.68
2017-12-16 23:00:00,Panther_education_Mattie,4.92
2017-12-17 00:00:00,Panther_education_Mattie,5.04
2017-12-17 01:00:00,Panther_education_Mattie,5.4
2017-12-17 02:00:00,Panther_education_Mattie,5.64
2017-12-17 03:00:00,Panther_education_Mattie,5.76
2017-12-17 04:00:00,Panther_education_Mattie,5.64
2017-12-17 05:00:00,Panther_education_Mattie,6.12
2017-12-17 06:00:00,Panther_education_Mattie,6.0
2017-12-17 07:00:00,Panther_education_Mattie,5.88
2017-12-17 08:00:00,Panther_education_Mattie,4.92
2017-12-17 09:00:00,Panther_education_Mattie,6.48
2017-12-17 10:00:00,Panther_education_Mattie,8.76
2017-12-17 11:00:00,Panther_education_Mattie,9.24
2017-12-17 12:00:00,Panther_education_Mattie,8.4
2017-12-17 13:00:00,Panther_education_Mattie,7.8
2017-12-17 14:00:00,Panther_education_Mattie,8.28
2017-12-17 15:00:00,Panther_education_Mattie,8.28
2017-12-17 16:00:00,Panther_education_Mattie,8.4
2017-12-17 17:00:00,Panther_education_Mattie,9.0
2017-12-17 18:00:00,Panther_education_Mattie,9.72
2017-12-17 19:00:00,Panther_education_Mattie,10.2
2017-12-17 20:00:00,Panther_education_Mattie,10.56
2017-12-17 21:00:00,Panther_education_Mattie,10.44
2017-12-17 22:00:00,Panther_education_Mattie,7.08
2017-12-17 23:00:00,Panther_education_Mattie,2.64
2017-12-18 00:00:00,Panther_education_Mattie,2.64
2017-12-18 01:00:00,Panther_education_Mattie,2.76
2017-12-18 02:00:00,Panther_education_Mattie,2.64
2017-12-18 03:00:00,Panther_education_Mattie,2.64
2017-12-18 04:00:00,Panther_education_Mattie,2.52
2017-12-18 05:00:00,Panther_education_Mattie,2.64
2017-12-18 06:00:00,Panther_education_Mattie,6.96
2017-12-18 07:00:00,Panther_education_Mattie,10.8
2017-12-18 08:00:00,Panther_education_Mattie,12.6
2017-12-18 09:00:00,Panther_education_Mattie,11.64
2017-12-18 10:00:00,Panther_education_Mattie,9.84
2017-12-18 11:00:00,Panther_education_Mattie,9.48
2017-12-18 12:00:00,Panther_education_Mattie,9.12
2017-12-18 13:00:00,Panther_education_Mattie,8.04
2017-12-18 14:00:00,Panther_education_Mattie,8.88
2017-12-18 15:00:00,Panther_education_Mattie,8.16
2017-12-18 16:00:00,Panther_education_Mattie,9.0
2017-12-18 17:00:00,Panther_education_Mattie,7.92
2017-12-18 18:00:00,Panther_education_Mattie,7.92
2017-12-18 19:00:00,Panther_education_Mattie,8.4
2017-12-18 20:00:00,Panther_education_Mattie,8.88
2017-12-18 21:00:00,Panther_education_Mattie,8.4
2017-12-18 22:00:00,Panther_education_Mattie,6.12
2017-12-18 23:00:00,Panther_education_Mattie,2.04
2017-12-19 00:00:00,Panther_education_Mattie,2.04
2017-12-19 01:00:00,Panther_education_Mattie,2.28
2017-12-19 02:00:00,Panther_education_Mattie,1.92
2017-12-19 03:00:00,Panther_education_Mattie,2.04
2017-12-19 04:00:00,Panther_education_Mattie,2.16
2017-12-19 05:00:00,Panther_education_Mattie,2.16
2017-12-19 06:00:00,Panther_education_Mattie,5.64
2017-12-19 07:00:00,Panther_education_Mattie,10.08
2017-12-19 08:00:00,Panther_education_Mattie,10.68
2017-12-19 09:00:00,Panther_education_Mattie,9.84
2017-12-19 10:00:00,Panther_education_Mattie,7.92
2017-12-19 11:00:00,Panther_education_Mattie,8.4
2017-12-19 12:00:00,Panther_education_Mattie,8.28
2017-12-19 13:00:00,Panther_education_Mattie,8.04
2017-12-19 14:00:00,Panther_education_Mattie,7.8
2017-12-19 15:00:00,Panther_education_Mattie,10.68
2017-12-19 16:00:00,Panther_education_Mattie,9.96
2017-12-19 17:00:00,Panther_education_Mattie,10.32
2017-12-19 18:00:00,Panther_education_Mattie,11.16
2017-12-19 19:00:00,Panther_education_Mattie,10.68
2017-12-19 20:00:00,Panther_education_Mattie,10.92
2017-12-19 21:00:00,Panther_education_Mattie,9.6
2017-12-19 22:00:00,Panther_education_Mattie,5.4
2017-12-19 23:00:00,Panther_education_Mattie,2.4
2017-12-20 00:00:00,Panther_education_Mattie,2.52
2017-12-20 01:00:00,Panther_education_Mattie,2.52
2017-12-20 02:00:00,Panther_education_Mattie,2.16
2017-12-20 03:00:00,Panther_education_Mattie,2.4
2017-12-20 04:00:00,Panther_education_Mattie,2.52
2017-12-20 05:00:00,Panther_education_Mattie,2.4
2017-12-20 06:00:00,Panther_education_Mattie,5.76
2017-12-20 07:00:00,Panther_education_Mattie,10.08
2017-12-20 08:00:00,Panther_education_Mattie,11.16
2017-12-20 09:00:00,Panther_education_Mattie,9.72
2017-12-20 10:00:00,Panther_education_Mattie,9.48
2017-12-20 11:00:00,Panther_education_Mattie,9.48
2017-12-20 12:00:00,Panther_education_Mattie,9.96
2017-12-20 13:00:00,Panther_education_Mattie,9.48
2017-12-20 14:00:00,Panther_education_Mattie,9.72
2017-12-20 15:00:00,Panther_education_Mattie,10.2
2017-12-20 16:00:00,Panther_education_Mattie,11.52
2017-12-20 17:00:00,Panther_education_Mattie,11.64
2017-12-20 18:00:00,Panther_education_Mattie,12.72
2017-12-20 19:00:00,Panther_education_Mattie,12.72
2017-12-20 20:00:00,Panther_education_Mattie,12.72
2017-12-20 21:00:00,Panther_education_Mattie,12.36
2017-12-20 22:00:00,Panther_education_Mattie,8.28
2017-12-20 23:00:00,Panther_education_Mattie,2.04
2017-12-21 00:00:00,Panther_education_Mattie,2.04
2017-12-21 01:00:00,Panther_education_Mattie,2.28
2017-12-21 02:00:00,Panther_education_Mattie,2.4
2017-12-21 03:00:00,Panther_education_Mattie,2.4
2017-12-21 04:00:00,Panther_education_Mattie,2.52
2017-12-21 05:00:00,Panther_education_Mattie,2.64
2017-12-21 06:00:00,Panther_education_Mattie,5.76
2017-12-21 07:00:00,Panther_education_Mattie,8.52
2017-12-21 08:00:00,Panther_education_Mattie,9.72
2017-12-21 09:00:00,Panther_education_Mattie,10.68
2017-12-21 10:00:00,Panther_education_Mattie,9.96
2017-12-21 11:00:00,Panther_education_Mattie,9.48
2017-12-21 12:00:00,Panther_education_Mattie,10.08
2017-12-21 13:00:00,Panther_education_Mattie,11.52
2017-12-21 14:00:00,Panther_education_Mattie,10.8
2017-12-21 15:00:00,Panther_education_Mattie,10.92
2017-12-21 16:00:00,Panther_education_Mattie,9.6
2017-12-21 17:00:00,Panther_education_Mattie,9.84
2017-12-21 18:00:00,Panther_education_Mattie,11.04
2017-12-21 19:00:00,Panther_education_Mattie,11.76
2017-12-21 20:00:00,Panther_education_Mattie,11.64
2017-12-21 21:00:00,Panther_education_Mattie,11.64
2017-12-21 22:00:00,Panther_education_Mattie,7.92
2017-12-21 23:00:00,Panther_education_Mattie,2.16
2017-12-22 00:00:00,Panther_education_Mattie,2.4
2017-12-22 01:00:00,Panther_education_Mattie,2.28
2017-12-22 02:00:00,Panther_education_Mattie,2.4
2017-12-22 03:00:00,Panther_education_Mattie,2.16
2017-12-22 04:00:00,Panther_education_Mattie,2.64
2017-12-22 05:00:00,Panther_education_Mattie,2.28
2017-12-22 06:00:00,Panther_education_Mattie,6.24
2017-12-22 07:00:00,Panther_education_Mattie,10.92
2017-12-22 08:00:00,Panther_education_Mattie,13.08
2017-12-22 09:00:00,Panther_education_Mattie,13.92
2017-12-22 10:00:00,Panther_education_Mattie,13.08
2017-12-22 11:00:00,Panther_education_Mattie,11.4
2017-12-22 12:00:00,Panther_education_Mattie,11.28
2017-12-22 13:00:00,Panther_education_Mattie,10.56
2017-12-22 14:00:00,Panther_education_Mattie,10.68
2017-12-22 15:00:00,Panther_education_Mattie,10.2
2017-12-22 16:00:00,Panther_education_Mattie,9.96
2017-12-22 17:00:00,Panther_education_Mattie,10.56
2017-12-22 18:00:00,Panther_education_Mattie,10.92
2017-12-22 19:00:00,Panther_education_Mattie,11.04
2017-12-22 20:00:00,Panther_education_Mattie,11.4
2017-12-22 21:00:00,Panther_education_Mattie,11.64
2017-12-22 22:00:00,Panther_education_Mattie,7.32
2017-12-22 23:00:00,Panther_education_Mattie,2.04
2017-12-23 00:00:00,Panther_education_Mattie,1.92
2017-12-23 01:00:00,Panther_education_Mattie,1.56
2017-12-23 02:00:00,Panther_education_Mattie,2.16
2017-12-23 03:00:00,Panther_education_Mattie,3.12
2017-12-23 04:00:00,Panther_education_Mattie,3.12
2017-12-23 05:00:00,Panther_education_Mattie,3.36
2017-12-23 06:00:00,Panther_education_Mattie,6.72
2017-12-23 07:00:00,Panther_education_Mattie,10.8
2017-12-23 08:00:00,Panther_education_Mattie,11.4
2017-12-23 09:00:00,Panther_education_Mattie,10.8
2017-12-23 10:00:00,Panther_education_Mattie,10.8
2017-12-23 11:00:00,Panther_education_Mattie,10.56
2017-12-23 12:00:00,Panther_education_Mattie,10.8
2017-12-23 13:00:00,Panther_education_Mattie,10.44
2017-12-23 14:00:00,Panther_education_Mattie,10.08
2017-12-23 15:00:00,Panther_education_Mattie,10.8
2017-12-23 16:00:00,Panther_education_Mattie,11.4
2017-12-23 17:00:00,Panther_education_Mattie,11.16
2017-12-23 18:00:00,Panther_education_Mattie,12.24
2017-12-23 19:00:00,Panther_education_Mattie,11.76
2017-12-23 20:00:00,Panther_education_Mattie,10.44
2017-12-23 21:00:00,Panther_education_Mattie,11.64
2017-12-23 22:00:00,Panther_education_Mattie,7.32
2017-12-23 23:00:00,Panther_education_Mattie,2.16
2017-12-24 00:00:00,Panther_education_Mattie,1.68
2017-12-24 01:00:00,Panther_education_Mattie,1.92
2017-12-24 02:00:00,Panther_education_Mattie,1.56
2017-12-24 03:00:00,Panther_education_Mattie,1.68
2017-12-24 04:00:00,Panther_education_Mattie,1.68
2017-12-24 05:00:00,Panther_education_Mattie,2.16
2017-12-24 06:00:00,Panther_education_Mattie,6.24
2017-12-24 07:00:00,Panther_education_Mattie,10.56
2017-12-24 08:00:00,Panther_education_Mattie,11.88
2017-12-24 09:00:00,Panther_education_Mattie,11.4
2017-12-24 10:00:00,Panther_education_Mattie,10.32
2017-12-24 11:00:00,Panther_education_Mattie,10.68
2017-12-24 12:00:00,Panther_education_Mattie,11.16
2017-12-24 13:00:00,Panther_education_Mattie,10.32
2017-12-24 14:00:00,Panther_education_Mattie,10.68
2017-12-24 15:00:00,Panther_education_Mattie,10.44
2017-12-24 16:00:00,Panther_education_Mattie,11.04
2017-12-24 17:00:00,Panther_education_Mattie,11.16
2017-12-24 18:00:00,Panther_education_Mattie,11.52
2017-12-24 19:00:00,Panther_education_Mattie,12.36
2017-12-24 20:00:00,Panther_education_Mattie,11.64
2017-12-24 21:00:00,Panther_education_Mattie,11.88
2017-12-24 22:00:00,Panther_education_Mattie,6.84
2017-12-24 23:00:00,Panther_education_Mattie,1.8
2017-12-25 00:00:00,Panther_education_Mattie,1.56
2017-12-25 01:00:00,Panther_education_Mattie,1.8
2017-12-25 02:00:00,Panther_education_Mattie,1.92
2017-12-25 03:00:00,Panther_education_Mattie,2.04
2017-12-25 04:00:00,Panther_education_Mattie,1.8
2017-12-25 05:00:00,Panther_education_Mattie,2.16
2017-12-25 06:00:00,Panther_education_Mattie,5.16
2017-12-25 07:00:00,Panther_education_Mattie,9.6
2017-12-25 08:00:00,Panther_education_Mattie,9.36
2017-12-25 09:00:00,Panther_education_Mattie,9.24
2017-12-25 10:00:00,Panther_education_Mattie,5.28
2017-12-25 11:00:00,Panther_education_Mattie,2.16
2017-12-25 12:00:00,Panther_education_Mattie,2.4
2017-12-25 13:00:00,Panther_education_Mattie,2.28
2017-12-25 14:00:00,Panther_education_Mattie,3.36
2017-12-25 15:00:00,Panther_education_Mattie,4.2
2017-12-25 16:00:00,Panther_education_Mattie,3.6
2017-12-25 17:00:00,Panther_education_Mattie,4.08
2017-12-25 18:00:00,Panther_education_Mattie,3.6
2017-12-25 19:00:00,Panther_education_Mattie,3.96
2017-12-25 20:00:00,Panther_education_Mattie,4.68
2017-12-25 21:00:00,Panther_education_Mattie,5.4
2017-12-25 22:00:00,Panther_education_Mattie,5.52
2017-12-25 23:00:00,Panther_education_Mattie,6.24
2017-12-26 00:00:00,Panther_education_Mattie,6.12
2017-12-26 01:00:00,Panther_education_Mattie,6.24
2017-12-26 02:00:00,Panther_education_Mattie,6.6
2017-12-26 03:00:00,Panther_education_Mattie,6.6
2017-12-26 04:00:00,Panther_education_Mattie,6.48
2017-12-26 05:00:00,Panther_education_Mattie,7.08
2017-12-26 06:00:00,Panther_education_Mattie,6.6
2017-12-26 07:00:00,Panther_education_Mattie,7.2
2017-12-26 08:00:00,Panther_education_Mattie,5.4
2017-12-26 09:00:00,Panther_education_Mattie,3.72
2017-12-26 10:00:00,Panther_education_Mattie,1.68
2017-12-26 11:00:00,Panther_education_Mattie,3.48
2017-12-26 12:00:00,Panther_education_Mattie,4.8
2017-12-26 13:00:00,Panther_education_Mattie,6.12
2017-12-26 14:00:00,Panther_education_Mattie,7.56
2017-12-26 15:00:00,Panther_education_Mattie,7.44
2017-12-26 16:00:00,Panther_education_Mattie,8.4
2017-12-26 17:00:00,Panther_education_Mattie,7.8
2017-12-26 18:00:00,Panther_education_Mattie,9.0
2017-12-26 19:00:00,Panther_education_Mattie,9.12
2017-12-26 20:00:00,Panther_education_Mattie,9.96
2017-12-26 21:00:00,Panther_education_Mattie,9.12
2017-12-26 22:00:00,Panther_education_Mattie,6.12
2017-12-26 23:00:00,Panther_education_Mattie,2.52
2017-12-27 00:00:00,Panther_education_Mattie,3.0
2017-12-27 01:00:00,Panther_education_Mattie,3.48
2017-12-27 02:00:00,Panther_education_Mattie,3.48
2017-12-27 03:00:00,Panther_education_Mattie,3.84
2017-12-27 04:00:00,Panther_education_Mattie,3.84
2017-12-27 05:00:00,Panther_education_Mattie,4.08
2017-12-27 06:00:00,Panther_education_Mattie,6.84
2017-12-27 07:00:00,Panther_education_Mattie,9.6
2017-12-27 08:00:00,Panther_education_Mattie,10.2
2017-12-27 09:00:00,Panther_education_Mattie,10.68
2017-12-27 10:00:00,Panther_education_Mattie,10.32
2017-12-27 11:00:00,Panther_education_Mattie,10.08
2017-12-27 12:00:00,Panther_education_Mattie,10.08
2017-12-27 13:00:00,Panther_education_Mattie,10.68
2017-12-27 14:00:00,Panther_education_Mattie,9.6
2017-12-27 15:00:00,Panther_education_Mattie,10.2
2017-12-27 16:00:00,Panther_education_Mattie,9.84
2017-12-27 17:00:00,Panther_education_Mattie,9.84
2017-12-27 18:00:00,Panther_education_Mattie,9.84
2017-12-27 19:00:00,Panther_education_Mattie,9.6
2017-12-27 20:00:00,Panther_education_Mattie,9.72
2017-12-27 21:00:00,Panther_education_Mattie,9.72
2017-12-27 22:00:00,Panther_education_Mattie,5.64
2017-12-27 23:00:00,Panther_education_Mattie,2.28
2017-12-28 00:00:00,Panther_education_Mattie,2.76
2017-12-28 01:00:00,Panther_education_Mattie,3.0
2017-12-28 02:00:00,Panther_education_Mattie,3.0
2017-12-28 03:00:00,Panther_education_Mattie,3.0
2017-12-28 04:00:00,Panther_education_Mattie,2.76
2017-12-28 05:00:00,Panther_education_Mattie,3.0
2017-12-28 06:00:00,Panther_education_Mattie,6.24
2017-12-28 07:00:00,Panther_education_Mattie,9.0
2017-12-28 08:00:00,Panther_education_Mattie,9.48
2017-12-28 09:00:00,Panther_education_Mattie,10.08
2017-12-28 10:00:00,Panther_education_Mattie,9.6
2017-12-28 11:00:00,Panther_education_Mattie,9.6
2017-12-28 12:00:00,Panther_education_Mattie,10.68
2017-12-28 13:00:00,Panther_education_Mattie,10.08
2017-12-28 14:00:00,Panther_education_Mattie,10.32
2017-12-28 15:00:00,Panther_education_Mattie,10.68
2017-12-28 16:00:00,Panther_education_Mattie,10.56
2017-12-28 17:00:00,Panther_education_Mattie,10.56
2017-12-28 18:00:00,Panther_education_Mattie,10.32
2017-12-28 19:00:00,Panther_education_Mattie,10.08
2017-12-28 20:00:00,Panther_education_Mattie,9.6
2017-12-28 21:00:00,Panther_education_Mattie,9.72
2017-12-28 22:00:00,Panther_education_Mattie,6.48
2017-12-28 23:00:00,Panther_education_Mattie,2.28
2017-12-29 00:00:00,Panther_education_Mattie,2.88
2017-12-29 01:00:00,Panther_education_Mattie,3.36
2017-12-29 02:00:00,Panther_education_Mattie,3.36
2017-12-29 03:00:00,Panther_education_Mattie,4.32
2017-12-29 04:00:00,Panther_education_Mattie,4.32
2017-12-29 05:00:00,Panther_education_Mattie,4.32
2017-12-29 06:00:00,Panther_education_Mattie,6.24
2017-12-29 07:00:00,Panther_education_Mattie,6.0
2017-12-29 08:00:00,Panther_education_Mattie,5.64
2017-12-29 09:00:00,Panther_education_Mattie,4.68
2017-12-29 10:00:00,Panther_education_Mattie,5.28
2017-12-29 11:00:00,Panther_education_Mattie,5.16
2017-12-29 12:00:00,Panther_education_Mattie,5.16
2017-12-29 13:00:00,Panther_education_Mattie,5.76
2017-12-29 14:00:00,Panther_education_Mattie,5.4
2017-12-29 15:00:00,Panther_education_Mattie,5.28
2017-12-29 16:00:00,Panther_education_Mattie,5.64
2017-12-29 17:00:00,Panther_education_Mattie,5.76
2017-12-29 18:00:00,Panther_education_Mattie,6.0
2017-12-29 19:00:00,Panther_education_Mattie,6.24
2017-12-29 20:00:00,Panther_education_Mattie,6.36
2017-12-29 21:00:00,Panther_education_Mattie,6.24
2017-12-29 22:00:00,Panther_education_Mattie,6.36
2017-12-29 23:00:00,Panther_education_Mattie,6.48
2017-12-30 00:00:00,Panther_education_Mattie,6.48
2017-12-30 01:00:00,Panther_education_Mattie,6.48
2017-12-30 02:00:00,Panther_education_Mattie,7.32
2017-12-30 03:00:00,Panther_education_Mattie,7.56
2017-12-30 04:00:00,Panther_education_Mattie,7.68
2017-12-30 05:00:00,Panther_education_Mattie,7.92
2017-12-30 06:00:00,Panther_education_Mattie,7.8
2017-12-30 07:00:00,Panther_education_Mattie,7.44
2017-12-30 08:00:00,Panther_education_Mattie,6.96
2017-12-30 09:00:00,Panther_education_Mattie,6.36
2017-12-30 10:00:00,Panther_education_Mattie,4.92
2017-12-30 11:00:00,Panther_education_Mattie,3.72
2017-12-30 12:00:00,Panther_education_Mattie,3.6
2017-12-30 13:00:00,Panther_education_Mattie,3.24
2017-12-30 14:00:00,Panther_education_Mattie,2.76
2017-12-30 15:00:00,Panther_education_Mattie,2.76
2017-12-30 16:00:00,Panther_education_Mattie,2.4
2017-12-30 17:00:00,Panther_education_Mattie,2.76
2017-12-30 18:00:00,Panther_education_Mattie,4.08
2017-12-30 19:00:00,Panther_education_Mattie,4.56
2017-12-30 20:00:00,Panther_education_Mattie,5.4
2017-12-30 21:00:00,Panther_education_Mattie,5.64
2017-12-30 22:00:00,Panther_education_Mattie,6.48
2017-12-30 23:00:00,Panther_education_Mattie,6.6
2017-12-31 00:00:00,Panther_education_Mattie,7.56
2017-12-31 01:00:00,Panther_education_Mattie,7.92
2017-12-31 02:00:00,Panther_education_Mattie,7.92
2017-12-31 03:00:00,Panther_education_Mattie,8.88
2017-12-31 04:00:00,Panther_education_Mattie,9.12
2017-12-31 05:00:00,Panther_education_Mattie,9.6
2017-12-31 06:00:00,Panther_education_Mattie,9.96
2017-12-31 07:00:00,Panther_education_Mattie,10.32
2017-12-31 08:00:00,Panther_education_Mattie,9.12
2017-12-31 09:00:00,Panther_education_Mattie,7.68
2017-12-31 10:00:00,Panther_education_Mattie,5.88
2017-12-31 11:00:00,Panther_education_Mattie,4.32
2017-12-31 12:00:00,Panther_education_Mattie,3.36
2017-12-31 13:00:00,Panther_education_Mattie,2.76
2017-12-31 14:00:00,Panther_education_Mattie,2.04
2017-12-31 15:00:00,Panther_education_Mattie,2.04
2017-12-31 16:00:00,Panther_education_Mattie,2.28
2017-12-31 17:00:00,Panther_education_Mattie,2.28
2017-12-31 18:00:00,Panther_education_Mattie,2.4
2017-12-31 19:00:00,Panther_education_Mattie,3.36
2017-12-31 20:00:00,Panther_education_Mattie,3.72
2017-12-31 21:00:00,Panther_education_Mattie,3.84
2017-12-31 22:00:00,Panther_education_Mattie,4.2
2017-12-31 23:00:00,Panther_education_Mattie,4.44
2017-11-16 23:00:00,Panther_education_Misty,17.76
2017-11-17 00:00:00,Panther_education_Misty,17.68
2017-11-17 01:00:00,Panther_education_Misty,17.6
2017-11-17 02:00:00,Panther_education_Misty,16.48
2017-11-17 03:00:00,Panther_education_Misty,17.52
2017-11-17 04:00:00,Panther_education_Misty,17.84
2017-11-17 05:00:00,Panther_education_Misty,16.4
2017-11-17 06:00:00,Panther_education_Misty,16.8
2017-11-17 07:00:00,Panther_education_Misty,16.32
2017-11-17 08:00:00,Panther_education_Misty,21.68
2017-11-17 09:00:00,Panther_education_Misty,27.61
2017-11-17 10:00:00,Panther_education_Misty,25.2
2017-11-17 11:00:00,Panther_education_Misty,25.84
2017-11-17 12:00:00,Panther_education_Misty,26.17
2017-11-17 13:00:00,Panther_education_Misty,25.04
2017-11-17 14:00:00,Panther_education_Misty,39.45
2017-11-17 15:00:00,Panther_education_Misty,25.2
2017-11-17 16:00:00,Panther_education_Misty,24.4
2017-11-17 17:00:00,Panther_education_Misty,27.05
2017-11-17 18:00:00,Panther_education_Misty,27.69
2017-11-17 19:00:00,Panther_education_Misty,26.73
2017-11-17 20:00:00,Panther_education_Misty,27.53
2017-11-17 21:00:00,Panther_education_Misty,26.33
2017-11-17 22:00:00,Panther_education_Misty,24.24
2017-11-17 23:00:00,Panther_education_Misty,21.04
2017-11-18 00:00:00,Panther_education_Misty,16.72
2017-11-18 01:00:00,Panther_education_Misty,16.4
2017-11-18 02:00:00,Panther_education_Misty,16.24
2017-11-18 03:00:00,Panther_education_Misty,15.68
2017-11-18 04:00:00,Panther_education_Misty,16.8
2017-11-18 05:00:00,Panther_education_Misty,16.0
2017-11-18 06:00:00,Panther_education_Misty,15.68
2017-11-18 07:00:00,Panther_education_Misty,15.44
2017-11-18 08:00:00,Panther_education_Misty,23.2
2017-11-18 09:00:00,Panther_education_Misty,28.09
2017-11-18 10:00:00,Panther_education_Misty,27.21
2017-11-18 11:00:00,Panther_education_Misty,27.37
2017-11-18 12:00:00,Panther_education_Misty,27.29
2017-11-18 13:00:00,Panther_education_Misty,26.57
2017-11-18 14:00:00,Panther_education_Misty,26.49
2017-11-18 15:00:00,Panther_education_Misty,26.33
2017-11-18 16:00:00,Panther_education_Misty,26.17
2017-11-18 17:00:00,Panther_education_Misty,28.01
2017-11-18 18:00:00,Panther_education_Misty,27.69
2017-11-18 19:00:00,Panther_education_Misty,27.69
2017-11-18 20:00:00,Panther_education_Misty,27.45
2017-11-18 21:00:00,Panther_education_Misty,27.13
2017-11-18 22:00:00,Panther_education_Misty,25.92
2017-11-18 23:00:00,Panther_education_Misty,25.36
2017-11-19 00:00:00,Panther_education_Misty,22.72
2017-11-19 01:00:00,Panther_education_Misty,18.0
2017-11-19 02:00:00,Panther_education_Misty,17.6
2017-11-19 03:00:00,Panther_education_Misty,17.52
2017-11-19 04:00:00,Panther_education_Misty,17.44
2017-11-19 05:00:00,Panther_education_Misty,18.08
2017-11-19 06:00:00,Panther_education_Misty,20.8
2017-11-19 07:00:00,Panther_education_Misty,26.81
2017-11-19 08:00:00,Panther_education_Misty,28.65
2017-11-19 09:00:00,Panther_education_Misty,29.77
2017-11-19 10:00:00,Panther_education_Misty,33.37
2017-11-19 11:00:00,Panther_education_Misty,36.17
2017-11-19 12:00:00,Panther_education_Misty,37.53
2017-11-19 13:00:00,Panther_education_Misty,36.49
2017-11-19 14:00:00,Panther_education_Misty,36.41
2017-11-19 15:00:00,Panther_education_Misty,36.89
2017-11-19 16:00:00,Panther_education_Misty,37.61
2017-11-19 17:00:00,Panther_education_Misty,40.41
2017-11-19 18:00:00,Panther_education_Misty,38.25
2017-11-19 19:00:00,Panther_education_Misty,26.73
2017-11-19 20:00:00,Panther_education_Misty,28.65
2017-11-19 21:00:00,Panther_education_Misty,22.96
2017-11-19 22:00:00,Panther_education_Misty,18.48
2017-11-19 23:00:00,Panther_education_Misty,18.0
2017-11-20 00:00:00,Panther_education_Misty,18.08
2017-11-20 01:00:00,Panther_education_Misty,18.08
2017-11-20 02:00:00,Panther_education_Misty,17.6
2017-11-20 03:00:00,Panther_education_Misty,15.68
2017-11-20 04:00:00,Panther_education_Misty,16.0
2017-11-20 05:00:00,Panther_education_Misty,16.4
2017-11-20 06:00:00,Panther_education_Misty,16.64
2017-11-20 07:00:00,Panther_education_Misty,16.4
2017-11-20 08:00:00,Panther_education_Misty,17.44
2017-11-20 09:00:00,Panther_education_Misty,23.76
2017-11-20 10:00:00,Panther_education_Misty,24.96
2017-11-20 11:00:00,Panther_education_Misty,28.65
2017-11-20 12:00:00,Panther_education_Misty,24.96
2017-11-20 13:00:00,Panther_education_Misty,24.96
2017-11-20 14:00:00,Panther_education_Misty,28.73
2017-11-20 15:00:00,Panther_education_Misty,32.73
2017-11-20 16:00:00,Panther_education_Misty,24.72
2017-11-20 17:00:00,Panther_education_Misty,26.33
2017-11-20 18:00:00,Panther_education_Misty,25.92
2017-11-20 19:00:00,Panther_education_Misty,26.17
2017-11-20 20:00:00,Panther_education_Misty,5.12
2017-11-21 05:00:00,Panther_education_Misty,22.24
2017-11-21 06:00:00,Panther_education_Misty,17.52
2017-11-21 07:00:00,Panther_education_Misty,18.08
2017-11-21 08:00:00,Panther_education_Misty,27.37
2017-11-21 09:00:00,Panther_education_Misty,26.73
2017-11-21 10:00:00,Panther_education_Misty,29.13
2017-11-21 11:00:00,Panther_education_Misty,35.05
2017-11-21 12:00:00,Panther_education_Misty,36.17
2017-11-21 13:00:00,Panther_education_Misty,36.33
2017-11-21 14:00:00,Panther_education_Misty,52.89
2017-11-21 15:00:00,Panther_education_Misty,31.61
2017-11-21 16:00:00,Panther_education_Misty,26.81
2017-11-21 17:00:00,Panther_education_Misty,27.77
2017-11-21 18:00:00,Panther_education_Misty,28.01
2017-11-21 19:00:00,Panther_education_Misty,28.25
2017-11-21 20:00:00,Panther_education_Misty,28.09
2017-11-21 21:00:00,Panther_education_Misty,28.01
2017-11-21 22:00:00,Panther_education_Misty,28.09
2017-11-21 23:00:00,Panther_education_Misty,27.61
2017-11-22 00:00:00,Panther_education_Misty,27.13
2017-11-22 01:00:00,Panther_education_Misty,27.77
2017-11-22 02:00:00,Panther_education_Misty,28.41
2017-11-22 03:00:00,Panther_education_Misty,27.93
2017-11-22 04:00:00,Panther_education_Misty,28.09
2017-11-22 05:00:00,Panther_education_Misty,27.85
2017-11-22 06:00:00,Panther_education_Misty,27.69
2017-11-22 07:00:00,Panther_education_Misty,27.93
2017-11-22 08:00:00,Panther_education_Misty,28.09
2017-11-22 09:00:00,Panther_education_Misty,29.53
2017-11-22 10:00:00,Panther_education_Misty,32.81
2017-11-22 11:00:00,Panther_education_Misty,46.81
2017-11-22 12:00:00,Panther_education_Misty,39.37
2017-11-22 13:00:00,Panther_education_Misty,34.41
2017-11-22 14:00:00,Panther_education_Misty,35.53
2017-11-22 15:00:00,Panther_education_Misty,34.97
2017-11-22 16:00:00,Panther_education_Misty,28.09
2017-11-22 17:00:00,Panther_education_Misty,28.65
2017-11-22 18:00:00,Panther_education_Misty,28.65
2017-11-22 19:00:00,Panther_education_Misty,28.81
2017-11-22 20:00:00,Panther_education_Misty,28.73
2017-11-22 21:00:00,Panther_education_Misty,28.49
2017-11-22 22:00:00,Panther_education_Misty,28.65
2017-11-22 23:00:00,Panther_education_Misty,28.81
2017-11-23 00:00:00,Panther_education_Misty,29.29
2017-11-23 01:00:00,Panther_education_Misty,29.05
2017-11-23 02:00:00,Panther_education_Misty,29.45
2017-11-23 03:00:00,Panther_education_Misty,29.69
2017-11-23 04:00:00,Panther_education_Misty,29.45
2017-11-23 05:00:00,Panther_education_Misty,30.97
2017-11-23 06:00:00,Panther_education_Misty,31.29
2017-11-23 07:00:00,Panther_education_Misty,31.05
2017-11-23 08:00:00,Panther_education_Misty,35.85
2017-11-23 09:00:00,Panther_education_Misty,36.25
2017-11-23 10:00:00,Panther_education_Misty,37.69
2017-11-23 11:00:00,Panther_education_Misty,43.45
2017-11-23 12:00:00,Panther_education_Misty,40.17
2017-11-23 13:00:00,Panther_education_Misty,35.05
2017-11-23 14:00:00,Panther_education_Misty,35.77
2017-11-23 15:00:00,Panther_education_Misty,38.81
2017-11-23 16:00:00,Panther_education_Misty,35.53
2017-11-23 17:00:00,Panther_education_Misty,38.49
2017-11-23 18:00:00,Panther_education_Misty,30.01
2017-11-23 19:00:00,Panther_education_Misty,28.41
2017-11-23 20:00:00,Panther_education_Misty,28.33
2017-11-23 21:00:00,Panther_education_Misty,29.29
2017-11-23 22:00:00,Panther_education_Misty,29.85
2017-11-23 23:00:00,Panther_education_Misty,29.13
2017-11-24 00:00:00,Panther_education_Misty,28.25
2017-11-24 01:00:00,Panther_education_Misty,28.97
2017-11-24 02:00:00,Panther_education_Misty,28.81
2017-11-24 03:00:00,Panther_education_Misty,29.05
2017-11-24 04:00:00,Panther_education_Misty,28.01
2017-11-24 05:00:00,Panther_education_Misty,27.05
2017-11-24 06:00:00,Panther_education_Misty,26.41
2017-11-24 07:00:00,Panther_education_Misty,26.41
2017-11-24 08:00:00,Panther_education_Misty,26.0
2017-11-24 09:00:00,Panther_education_Misty,25.76
2017-11-24 10:00:00,Panther_education_Misty,25.52
2017-11-24 11:00:00,Panther_education_Misty,24.48
2017-11-24 12:00:00,Panther_education_Misty,26.73
2017-11-24 13:00:00,Panther_education_Misty,25.6
2017-11-24 14:00:00,Panther_education_Misty,25.36
2017-11-24 15:00:00,Panther_education_Misty,26.65
2017-11-24 16:00:00,Panther_education_Misty,26.97
2017-11-24 17:00:00,Panther_education_Misty,26.73
2017-11-24 18:00:00,Panther_education_Misty,26.73
2017-11-24 19:00:00,Panther_education_Misty,26.49
2017-11-24 20:00:00,Panther_education_Misty,25.04
2017-11-24 21:00:00,Panther_education_Misty,26.17
2017-11-24 22:00:00,Panther_education_Misty,23.52
2017-11-24 23:00:00,Panther_education_Misty,16.96
2017-11-25 00:00:00,Panther_education_Misty,16.0
2017-11-25 01:00:00,Panther_education_Misty,15.68
2017-11-25 02:00:00,Panther_education_Misty,15.84
2017-11-25 03:00:00,Panther_education_Misty,17.6
2017-11-25 04:00:00,Panther_education_Misty,18.72
2017-11-25 05:00:00,Panther_education_Misty,17.52
2017-11-25 06:00:00,Panther_education_Misty,17.52
2017-11-25 07:00:00,Panther_education_Misty,16.88
2017-11-25 08:00:00,Panther_education_Misty,17.12
2017-11-25 09:00:00,Panther_education_Misty,18.08
2017-11-25 10:00:00,Panther_education_Misty,29.21
2017-11-25 11:00:00,Panther_education_Misty,38.17
2017-11-25 12:00:00,Panther_education_Misty,31.85
2017-11-25 13:00:00,Panther_education_Misty,38.89
2017-11-25 14:00:00,Panther_education_Misty,35.45
2017-11-25 15:00:00,Panther_education_Misty,21.36
2017-11-25 16:00:00,Panther_education_Misty,24.24
2017-11-25 17:00:00,Panther_education_Misty,25.84
2017-11-25 18:00:00,Panther_education_Misty,19.44
2017-11-25 19:00:00,Panther_education_Misty,16.0
2017-11-25 20:00:00,Panther_education_Misty,16.0
2017-11-25 21:00:00,Panther_education_Misty,15.76
2017-11-25 22:00:00,Panther_education_Misty,15.92
2017-11-25 23:00:00,Panther_education_Misty,16.4
2017-11-26 00:00:00,Panther_education_Misty,15.76
2017-11-26 01:00:00,Panther_education_Misty,14.48
2017-11-26 02:00:00,Panther_education_Misty,15.2
2017-11-26 03:00:00,Panther_education_Misty,14.32
2017-11-26 04:00:00,Panther_education_Misty,14.08
2017-11-26 05:00:00,Panther_education_Misty,14.0
2017-11-26 06:00:00,Panther_education_Misty,14.16
2017-11-26 07:00:00,Panther_education_Misty,16.96
2017-11-26 08:00:00,Panther_education_Misty,35.37
2017-11-26 09:00:00,Panther_education_Misty,25.92
2017-11-26 10:00:00,Panther_education_Misty,27.85
2017-11-26 11:00:00,Panther_education_Misty,35.29
2017-11-26 12:00:00,Panther_education_Misty,23.04
2017-11-26 13:00:00,Panther_education_Misty,22.88
2017-11-26 14:00:00,Panther_education_Misty,23.2
2017-11-26 15:00:00,Panther_education_Misty,23.36
2017-11-26 16:00:00,Panther_education_Misty,26.08
2017-11-26 17:00:00,Panther_education_Misty,25.92
2017-11-26 18:00:00,Panther_education_Misty,24.16
2017-11-26 19:00:00,Panther_education_Misty,15.68
2017-11-26 20:00:00,Panther_education_Misty,15.52
2017-11-26 21:00:00,Panther_education_Misty,15.44
2017-11-26 22:00:00,Panther_education_Misty,15.44
2017-11-26 23:00:00,Panther_education_Misty,14.48
2017-11-27 00:00:00,Panther_education_Misty,14.16
2017-11-27 01:00:00,Panther_education_Misty,14.72
2017-11-27 02:00:00,Panther_education_Misty,14.96
2017-11-27 03:00:00,Panther_education_Misty,15.12
2017-11-27 04:00:00,Panther_education_Misty,15.44
2017-11-27 05:00:00,Panther_education_Misty,14.96
2017-11-27 06:00:00,Panther_education_Misty,15.04
2017-11-27 07:00:00,Panther_education_Misty,15.52
2017-11-27 08:00:00,Panther_education_Misty,17.36
2017-11-27 09:00:00,Panther_education_Misty,26.65
2017-11-27 10:00:00,Panther_education_Misty,26.89
2017-11-27 11:00:00,Panther_education_Misty,26.81
2017-11-27 12:00:00,Panther_education_Misty,26.49
2017-11-27 13:00:00,Panther_education_Misty,27.37
2017-11-27 14:00:00,Panther_education_Misty,25.68
2017-11-27 15:00:00,Panther_education_Misty,28.89
2017-11-27 16:00:00,Panther_education_Misty,35.45
2017-11-27 17:00:00,Panther_education_Misty,27.37
2017-11-27 18:00:00,Panther_education_Misty,27.53
2017-11-27 19:00:00,Panther_education_Misty,27.13
2017-11-27 20:00:00,Panther_education_Misty,26.73
2017-11-27 21:00:00,Panther_education_Misty,26.81
2017-11-27 22:00:00,Panther_education_Misty,25.44
2017-11-27 23:00:00,Panther_education_Misty,25.44
2017-11-28 00:00:00,Panther_education_Misty,25.76
2017-11-28 01:00:00,Panther_education_Misty,25.84
2017-11-28 02:00:00,Panther_education_Misty,26.41
2017-11-28 03:00:00,Panther_education_Misty,26.57
2017-11-28 04:00:00,Panther_education_Misty,26.57
2017-11-28 05:00:00,Panther_education_Misty,26.49
2017-11-28 06:00:00,Panther_education_Misty,26.17
2017-11-28 07:00:00,Panther_education_Misty,26.33
2017-11-28 08:00:00,Panther_education_Misty,28.65
2017-11-28 09:00:00,Panther_education_Misty,25.76
2017-11-28 10:00:00,Panther_education_Misty,24.4
2017-11-28 11:00:00,Panther_education_Misty,36.33
2017-11-28 12:00:00,Panther_education_Misty,35.61
2017-11-28 13:00:00,Panther_education_Misty,36.33
2017-11-28 14:00:00,Panther_education_Misty,36.01
2017-11-28 15:00:00,Panther_education_Misty,35.85
2017-11-28 16:00:00,Panther_education_Misty,37.61
2017-11-28 17:00:00,Panther_education_Misty,38.41
2017-11-28 18:00:00,Panther_education_Misty,38.57
2017-11-28 19:00:00,Panther_education_Misty,38.33
2017-11-28 20:00:00,Panther_education_Misty,38.33
2017-11-28 21:00:00,Panther_education_Misty,32.73
2017-11-28 22:00:00,Panther_education_Misty,27.85
2017-11-28 23:00:00,Panther_education_Misty,27.77
2017-11-29 00:00:00,Panther_education_Misty,27.37
2017-11-29 01:00:00,Panther_education_Misty,26.97
2017-11-29 02:00:00,Panther_education_Misty,27.37
2017-11-29 03:00:00,Panther_education_Misty,27.85
2017-11-29 04:00:00,Panther_education_Misty,29.13
2017-11-29 05:00:00,Panther_education_Misty,28.09
2017-11-29 06:00:00,Panther_education_Misty,27.21
2017-11-29 07:00:00,Panther_education_Misty,27.29
2017-11-29 08:00:00,Panther_education_Misty,29.61
2017-11-29 09:00:00,Panther_education_Misty,35.05
2017-11-29 10:00:00,Panther_education_Misty,36.17
2017-11-29 11:00:00,Panther_education_Misty,35.61
2017-11-29 12:00:00,Panther_education_Misty,34.97
2017-11-29 13:00:00,Panther_education_Misty,34.89
2017-11-29 14:00:00,Panther_education_Misty,34.65
2017-11-29 15:00:00,Panther_education_Misty,34.97
2017-11-29 16:00:00,Panther_education_Misty,34.65
2017-11-29 17:00:00,Panther_education_Misty,37.69
2017-11-29 18:00:00,Panther_education_Misty,30.57
2017-11-29 19:00:00,Panther_education_Misty,27.37
2017-11-29 20:00:00,Panther_education_Misty,28.41
2017-11-29 21:00:00,Panther_education_Misty,28.17
2017-11-29 22:00:00,Panther_education_Misty,27.69
2017-11-29 23:00:00,Panther_education_Misty,27.77
2017-11-30 00:00:00,Panther_education_Misty,28.01
2017-11-30 01:00:00,Panther_education_Misty,27.93
2017-11-30 02:00:00,Panther_education_Misty,28.17
2017-11-30 03:00:00,Panther_education_Misty,28.97
2017-11-30 04:00:00,Panther_education_Misty,28.49
2017-11-30 05:00:00,Panther_education_Misty,28.49
2017-11-30 06:00:00,Panther_education_Misty,27.05
2017-11-30 07:00:00,Panther_education_Misty,26.33
2017-11-30 08:00:00,Panther_education_Misty,27.77
2017-11-30 09:00:00,Panther_education_Misty,31.69
2017-11-30 10:00:00,Panther_education_Misty,31.77
2017-11-30 11:00:00,Panther_education_Misty,31.61
2017-11-30 12:00:00,Panther_education_Misty,30.17
2017-11-30 13:00:00,Panther_education_Misty,34.01
2017-11-30 14:00:00,Panther_education_Misty,35.21
2017-11-30 15:00:00,Panther_education_Misty,32.01
2017-11-30 16:00:00,Panther_education_Misty,25.52
2017-11-30 17:00:00,Panther_education_Misty,28.09
2017-11-30 18:00:00,Panther_education_Misty,26.65
2017-11-30 19:00:00,Panther_education_Misty,26.49
2017-11-30 20:00:00,Panther_education_Misty,26.49
2017-11-30 21:00:00,Panther_education_Misty,26.0
2017-11-30 22:00:00,Panther_education_Misty,26.17
2017-11-30 23:00:00,Panther_education_Misty,26.49
2017-12-01 00:00:00,Panther_education_Misty,26.89
2017-12-01 01:00:00,Panther_education_Misty,26.65
2017-12-01 02:00:00,Panther_education_Misty,24.48
2017-12-01 03:00:00,Panther_education_Misty,26.81
2017-12-01 04:00:00,Panther_education_Misty,26.25
2017-12-01 05:00:00,Panther_education_Misty,26.49
2017-12-01 06:00:00,Panther_education_Misty,25.68
2017-12-01 07:00:00,Panther_education_Misty,22.56
2017-12-01 08:00:00,Panther_education_Misty,26.81
2017-12-01 09:00:00,Panther_education_Misty,37.93
2017-12-01 10:00:00,Panther_education_Misty,29.53
2017-12-01 11:00:00,Panther_education_Misty,30.49
2017-12-01 12:00:00,Panther_education_Misty,27.93
2017-12-01 13:00:00,Panther_education_Misty,26.57
2017-12-01 14:00:00,Panther_education_Misty,25.52
2017-12-01 15:00:00,Panther_education_Misty,25.44
2017-12-01 16:00:00,Panther_education_Misty,26.25
2017-12-01 17:00:00,Panther_education_Misty,27.45
2017-12-01 18:00:00,Panther_education_Misty,26.33
2017-12-01 19:00:00,Panther_education_Misty,27.29
2017-12-01 20:00:00,Panther_education_Misty,26.41
2017-12-01 21:00:00,Panther_education_Misty,25.76
2017-12-01 22:00:00,Panther_education_Misty,25.6
2017-12-01 23:00:00,Panther_education_Misty,25.76
2017-12-02 00:00:00,Panther_education_Misty,25.76
2017-12-02 01:00:00,Panther_education_Misty,25.92
2017-12-02 02:00:00,Panther_education_Misty,26.17
2017-12-02 03:00:00,Panther_education_Misty,25.76
2017-12-02 04:00:00,Panther_education_Misty,26.41
2017-12-02 05:00:00,Panther_education_Misty,26.57
2017-12-02 06:00:00,Panther_education_Misty,26.33
2017-12-02 07:00:00,Panther_education_Misty,25.92
2017-12-02 08:00:00,Panther_education_Misty,37.93
2017-12-02 09:00:00,Panther_education_Misty,42.41
2017-12-02 10:00:00,Panther_education_Misty,33.21
2017-12-02 11:00:00,Panther_education_Misty,51.13
2017-12-02 12:00:00,Panther_education_Misty,27.21
2017-12-02 13:00:00,Panther_education_Misty,25.2
2017-12-02 14:00:00,Panther_education_Misty,25.76
2017-12-02 15:00:00,Panther_education_Misty,27.77
2017-12-02 16:00:00,Panther_education_Misty,30.73
2017-12-02 17:00:00,Panther_education_Misty,30.33
2017-12-02 18:00:00,Panther_education_Misty,27.61
2017-12-02 19:00:00,Panther_education_Misty,26.81
2017-12-02 20:00:00,Panther_education_Misty,25.92
2017-12-02 21:00:00,Panther_education_Misty,26.25
2017-12-02 22:00:00,Panther_education_Misty,25.68
2017-12-02 23:00:00,Panther_education_Misty,25.92
2017-12-03 00:00:00,Panther_education_Misty,26.0
2017-12-03 01:00:00,Panther_education_Misty,25.6
2017-12-03 02:00:00,Panther_education_Misty,25.92
2017-12-03 03:00:00,Panther_education_Misty,25.76
2017-12-03 04:00:00,Panther_education_Misty,26.08
2017-12-03 05:00:00,Panther_education_Misty,25.92
2017-12-03 06:00:00,Panther_education_Misty,26.08
2017-12-03 07:00:00,Panther_education_Misty,23.6
2017-12-03 08:00:00,Panther_education_Misty,26.08
2017-12-03 09:00:00,Panther_education_Misty,26.73
2017-12-03 10:00:00,Panther_education_Misty,33.85
2017-12-03 11:00:00,Panther_education_Misty,27.37
2017-12-03 12:00:00,Panther_education_Misty,23.92
2017-12-03 13:00:00,Panther_education_Misty,25.12
2017-12-03 14:00:00,Panther_education_Misty,24.48
2017-12-03 15:00:00,Panther_education_Misty,24.08
2017-12-03 16:00:00,Panther_education_Misty,27.13
2017-12-03 17:00:00,Panther_education_Misty,28.65
2017-12-03 18:00:00,Panther_education_Misty,27.77
2017-12-03 19:00:00,Panther_education_Misty,27.13
2017-12-03 20:00:00,Panther_education_Misty,27.13
2017-12-03 21:00:00,Panther_education_Misty,27.13
2017-12-03 22:00:00,Panther_education_Misty,26.73
2017-12-03 23:00:00,Panther_education_Misty,26.89
2017-12-04 00:00:00,Panther_education_Misty,26.49
2017-12-04 01:00:00,Panther_education_Misty,26.49
2017-12-04 02:00:00,Panther_education_Misty,26.41
2017-12-04 03:00:00,Panther_education_Misty,26.65
2017-12-04 04:00:00,Panther_education_Misty,26.08
2017-12-04 05:00:00,Panther_education_Misty,26.0
2017-12-04 06:00:00,Panther_education_Misty,26.17
2017-12-04 07:00:00,Panther_education_Misty,26.33
2017-12-04 08:00:00,Panther_education_Misty,25.6
2017-12-04 09:00:00,Panther_education_Misty,27.93
2017-12-04 10:00:00,Panther_education_Misty,30.57
2017-12-04 11:00:00,Panther_education_Misty,29.93
2017-12-04 12:00:00,Panther_education_Misty,28.73
2017-12-04 13:00:00,Panther_education_Misty,26.81
2017-12-04 14:00:00,Panther_education_Misty,26.49
2017-12-04 15:00:00,Panther_education_Misty,27.61
2017-12-04 16:00:00,Panther_education_Misty,27.53
2017-12-04 17:00:00,Panther_education_Misty,25.6
2017-12-04 18:00:00,Panther_education_Misty,27.29
2017-12-04 19:00:00,Panther_education_Misty,26.97
2017-12-04 20:00:00,Panther_education_Misty,26.65
2017-12-04 21:00:00,Panther_education_Misty,26.25
2017-12-04 22:00:00,Panther_education_Misty,26.0
2017-12-04 23:00:00,Panther_education_Misty,26.41
2017-12-05 00:00:00,Panther_education_Misty,25.84
2017-12-05 01:00:00,Panther_education_Misty,26.33
2017-12-05 02:00:00,Panther_education_Misty,26.57
2017-12-05 03:00:00,Panther_education_Misty,26.41
2017-12-05 04:00:00,Panther_education_Misty,26.41
2017-12-05 05:00:00,Panther_education_Misty,26.17
2017-12-05 06:00:00,Panther_education_Misty,26.17
2017-12-05 07:00:00,Panther_education_Misty,25.68
2017-12-05 08:00:00,Panther_education_Misty,26.97
2017-12-05 09:00:00,Panther_education_Misty,26.08
2017-12-05 10:00:00,Panther_education_Misty,24.0
2017-12-05 11:00:00,Panther_education_Misty,35.69
2017-12-05 12:00:00,Panther_education_Misty,36.89
2017-12-05 13:00:00,Panther_education_Misty,32.65
2017-12-05 14:00:00,Panther_education_Misty,35.05
2017-12-05 15:00:00,Panther_education_Misty,36.09
2017-12-05 16:00:00,Panther_education_Misty,37.05
2017-12-05 17:00:00,Panther_education_Misty,36.65
2017-12-05 18:00:00,Panther_education_Misty,33.29
2017-12-05 19:00:00,Panther_education_Misty,32.41
2017-12-05 20:00:00,Panther_education_Misty,29.77
2017-12-05 21:00:00,Panther_education_Misty,28.65
2017-12-05 22:00:00,Panther_education_Misty,29.05
2017-12-05 23:00:00,Panther_education_Misty,30.09
2017-12-06 00:00:00,Panther_education_Misty,29.61
2017-12-06 01:00:00,Panther_education_Misty,29.29
2017-12-06 02:00:00,Panther_education_Misty,28.89
2017-12-06 03:00:00,Panther_education_Misty,28.17
2017-12-06 04:00:00,Panther_education_Misty,28.09
2017-12-06 05:00:00,Panther_education_Misty,27.53
2017-12-06 06:00:00,Panther_education_Misty,27.45
2017-12-06 07:00:00,Panther_education_Misty,27.37
2017-12-06 08:00:00,Panther_education_Misty,30.17
2017-12-06 09:00:00,Panther_education_Misty,43.21
2017-12-06 10:00:00,Panther_education_Misty,49.45
2017-12-06 11:00:00,Panther_education_Misty,34.41
2017-12-06 12:00:00,Panther_education_Misty,34.73
2017-12-06 13:00:00,Panther_education_Misty,35.69
2017-12-06 14:00:00,Panther_education_Misty,34.73
2017-12-06 15:00:00,Panther_education_Misty,35.45
2017-12-06 16:00:00,Panther_education_Misty,35.61
2017-12-06 17:00:00,Panther_education_Misty,36.09
2017-12-06 18:00:00,Panther_education_Misty,29.69
2017-12-06 19:00:00,Panther_education_Misty,28.33
2017-12-06 20:00:00,Panther_education_Misty,27.93
2017-12-06 21:00:00,Panther_education_Misty,27.85
2017-12-06 22:00:00,Panther_education_Misty,27.29
2017-12-06 23:00:00,Panther_education_Misty,27.21
2017-12-07 00:00:00,Panther_education_Misty,28.01
2017-12-07 01:00:00,Panther_education_Misty,28.09
2017-12-07 02:00:00,Panther_education_Misty,27.93
2017-12-07 03:00:00,Panther_education_Misty,27.61
2017-12-07 04:00:00,Panther_education_Misty,27.77
2017-12-07 05:00:00,Panther_education_Misty,27.29
2017-12-07 06:00:00,Panther_education_Misty,27.05
2017-12-07 07:00:00,Panther_education_Misty,27.05
2017-12-07 08:00:00,Panther_education_Misty,27.37
2017-12-07 09:00:00,Panther_education_Misty,28.17
2017-12-07 10:00:00,Panther_education_Misty,27.61
2017-12-07 11:00:00,Panther_education_Misty,26.41
2017-12-07 12:00:00,Panther_education_Misty,28.65
2017-12-07 13:00:00,Panther_education_Misty,27.85
2017-12-07 14:00:00,Panther_education_Misty,26.25
2017-12-07 15:00:00,Panther_education_Misty,28.33
2017-12-07 16:00:00,Panther_education_Misty,26.49
2017-12-07 17:00:00,Panther_education_Misty,28.81
2017-12-07 18:00:00,Panther_education_Misty,28.73
2017-12-07 19:00:00,Panther_education_Misty,29.21
2017-12-07 20:00:00,Panther_education_Misty,28.97
2017-12-07 21:00:00,Panther_education_Misty,29.05
2017-12-07 22:00:00,Panther_education_Misty,28.57
2017-12-07 23:00:00,Panther_education_Misty,28.57
2017-12-08 00:00:00,Panther_education_Misty,28.25
2017-12-08 01:00:00,Panther_education_Misty,27.85
2017-12-08 02:00:00,Panther_education_Misty,27.37
2017-12-08 03:00:00,Panther_education_Misty,27.37
2017-12-08 04:00:00,Panther_education_Misty,27.05
2017-12-08 05:00:00,Panther_education_Misty,26.97
2017-12-08 06:00:00,Panther_education_Misty,25.6
2017-12-08 07:00:00,Panther_education_Misty,26.25
2017-12-08 08:00:00,Panther_education_Misty,26.57
2017-12-08 09:00:00,Panther_education_Misty,28.17
2017-12-08 10:00:00,Panther_education_Misty,26.89
2017-12-08 11:00:00,Panther_education_Misty,35.29
2017-12-08 12:00:00,Panther_education_Misty,54.25
2017-12-08 13:00:00,Panther_education_Misty,38.41
2017-12-08 14:00:00,Panther_education_Misty,34.89
2017-12-08 15:00:00,Panther_education_Misty,41.13
2017-12-08 16:00:00,Panther_education_Misty,48.17
2017-12-08 17:00:00,Panther_education_Misty,49.13
2017-12-08 18:00:00,Panther_education_Misty,38.01
2017-12-08 19:00:00,Panther_education_Misty,38.17
2017-12-08 20:00:00,Panther_education_Misty,39.21
2017-12-08 21:00:00,Panther_education_Misty,38.97
2017-12-08 22:00:00,Panther_education_Misty,38.01
2017-12-08 23:00:00,Panther_education_Misty,38.09
2017-12-09 00:00:00,Panther_education_Misty,38.73
2017-12-09 01:00:00,Panther_education_Misty,39.05
2017-12-09 02:00:00,Panther_education_Misty,39.37
2017-12-09 03:00:00,Panther_education_Misty,38.89
2017-12-09 04:00:00,Panther_education_Misty,28.65
2017-12-09 05:00:00,Panther_education_Misty,26.57
2017-12-09 06:00:00,Panther_education_Misty,23.04
2017-12-09 07:00:00,Panther_education_Misty,15.12
2017-12-09 08:00:00,Panther_education_Misty,13.92
2017-12-09 09:00:00,Panther_education_Misty,13.92
2017-12-09 10:00:00,Panther_education_Misty,13.92
2017-12-09 11:00:00,Panther_education_Misty,13.36
2017-12-09 12:00:00,Panther_education_Misty,15.92
2017-12-09 13:00:00,Panther_education_Misty,37.61
2017-12-09 14:00:00,Panther_education_Misty,15.76
2017-12-09 15:00:00,Panther_education_Misty,12.96
2017-12-09 16:00:00,Panther_education_Misty,13.52
2017-12-09 17:00:00,Panther_education_Misty,13.36
2017-12-09 18:00:00,Panther_education_Misty,14.4
2017-12-09 19:00:00,Panther_education_Misty,15.36
2017-12-09 20:00:00,Panther_education_Misty,16.72
2017-12-09 21:00:00,Panther_education_Misty,18.32
2017-12-09 22:00:00,Panther_education_Misty,19.68
2017-12-09 23:00:00,Panther_education_Misty,20.4
2017-12-10 00:00:00,Panther_education_Misty,21.36
2017-12-10 01:00:00,Panther_education_Misty,22.4
2017-12-10 02:00:00,Panther_education_Misty,23.36
2017-12-10 03:00:00,Panther_education_Misty,23.6
2017-12-10 04:00:00,Panther_education_Misty,24.16
2017-12-10 05:00:00,Panther_education_Misty,24.56
2017-12-10 06:00:00,Panther_education_Misty,24.72
2017-12-10 07:00:00,Panther_education_Misty,24.88
2017-12-10 08:00:00,Panther_education_Misty,22.4
2017-12-10 09:00:00,Panther_education_Misty,18.24
2017-12-10 10:00:00,Panther_education_Misty,15.84
2017-12-10 11:00:00,Panther_education_Misty,13.52
2017-12-10 12:00:00,Panther_education_Misty,17.44
2017-12-10 13:00:00,Panther_education_Misty,16.24
2017-12-10 14:00:00,Panther_education_Misty,16.0
2017-12-10 15:00:00,Panther_education_Misty,15.92
2017-12-10 16:00:00,Panther_education_Misty,17.12
2017-12-10 17:00:00,Panther_education_Misty,15.84
2017-12-10 18:00:00,Panther_education_Misty,18.32
2017-12-10 19:00:00,Panther_education_Misty,20.4
2017-12-10 20:00:00,Panther_education_Misty,21.92
2017-12-10 21:00:00,Panther_education_Misty,23.36
2017-12-10 22:00:00,Panther_education_Misty,23.52
2017-12-10 23:00:00,Panther_education_Misty,24.08
2017-12-11 00:00:00,Panther_education_Misty,24.64
2017-12-11 01:00:00,Panther_education_Misty,25.2
2017-12-11 02:00:00,Panther_education_Misty,25.2
2017-12-11 03:00:00,Panther_education_Misty,25.68
2017-12-11 04:00:00,Panther_education_Misty,24.64
2017-12-11 05:00:00,Panther_education_Misty,24.48
2017-12-11 06:00:00,Panther_education_Misty,25.92
2017-12-11 07:00:00,Panther_education_Misty,26.25
2017-12-11 08:00:00,Panther_education_Misty,22.8
2017-12-11 09:00:00,Panther_education_Misty,17.44
2017-12-11 10:00:00,Panther_education_Misty,14.56
2017-12-11 11:00:00,Panther_education_Misty,17.92
2017-12-11 12:00:00,Panther_education_Misty,16.88
2017-12-11 13:00:00,Panther_education_Misty,19.52
2017-12-11 14:00:00,Panther_education_Misty,20.88
2017-12-11 15:00:00,Panther_education_Misty,20.48
2017-12-11 16:00:00,Panther_education_Misty,20.32
2017-12-11 17:00:00,Panther_education_Misty,16.8
2017-12-11 18:00:00,Panther_education_Misty,15.6
2017-12-11 19:00:00,Panther_education_Misty,18.16
2017-12-11 20:00:00,Panther_education_Misty,20.24
2017-12-11 21:00:00,Panther_education_Misty,20.88
2017-12-11 22:00:00,Panther_education_Misty,22.72
2017-12-11 23:00:00,Panther_education_Misty,22.0
2017-12-12 00:00:00,Panther_education_Misty,22.16
2017-12-12 01:00:00,Panther_education_Misty,22.32
2017-12-12 02:00:00,Panther_education_Misty,23.28
2017-12-12 03:00:00,Panther_education_Misty,23.36
2017-12-12 04:00:00,Panther_education_Misty,23.28
2017-12-12 05:00:00,Panther_education_Misty,21.68
2017-12-12 06:00:00,Panther_education_Misty,19.52
2017-12-12 07:00:00,Panther_education_Misty,20.24
2017-12-12 08:00:00,Panther_education_Misty,16.32
2017-12-12 09:00:00,Panther_education_Misty,12.96
2017-12-12 10:00:00,Panther_education_Misty,25.28
2017-12-12 11:00:00,Panther_education_Misty,22.48
2017-12-12 12:00:00,Panther_education_Misty,22.72
2017-12-12 13:00:00,Panther_education_Misty,22.72
2017-12-12 14:00:00,Panther_education_Misty,25.04
2017-12-12 15:00:00,Panther_education_Misty,23.84
2017-12-12 16:00:00,Panther_education_Misty,26.0
2017-12-12 17:00:00,Panther_education_Misty,25.6
2017-12-12 18:00:00,Panther_education_Misty,25.44
2017-12-12 19:00:00,Panther_education_Misty,25.12
2017-12-12 20:00:00,Panther_education_Misty,20.56
2017-12-12 21:00:00,Panther_education_Misty,16.64
2017-12-12 22:00:00,Panther_education_Misty,17.28
2017-12-12 23:00:00,Panther_education_Misty,15.2
2017-12-13 00:00:00,Panther_education_Misty,15.6
2017-12-13 01:00:00,Panther_education_Misty,16.0
2017-12-13 02:00:00,Panther_education_Misty,18.56
2017-12-13 03:00:00,Panther_education_Misty,18.96
2017-12-13 04:00:00,Panther_education_Misty,20.08
2017-12-13 05:00:00,Panther_education_Misty,20.8
2017-12-13 06:00:00,Panther_education_Misty,21.76
2017-12-13 07:00:00,Panther_education_Misty,22.24
2017-12-13 08:00:00,Panther_education_Misty,18.96
2017-12-13 09:00:00,Panther_education_Misty,16.16
2017-12-13 10:00:00,Panther_education_Misty,13.36
2017-12-13 11:00:00,Panther_education_Misty,16.8
2017-12-13 12:00:00,Panther_education_Misty,14.16
2017-12-13 13:00:00,Panther_education_Misty,21.12
2017-12-13 14:00:00,Panther_education_Misty,21.84
2017-12-13 15:00:00,Panther_education_Misty,24.64
2017-12-13 16:00:00,Panther_education_Misty,24.24
2017-12-13 17:00:00,Panther_education_Misty,18.0
2017-12-13 18:00:00,Panther_education_Misty,16.0
2017-12-13 19:00:00,Panther_education_Misty,19.28
2017-12-13 20:00:00,Panther_education_Misty,18.16
2017-12-13 21:00:00,Panther_education_Misty,19.36
2017-12-13 22:00:00,Panther_education_Misty,19.04
2017-12-13 23:00:00,Panther_education_Misty,21.92
2017-12-14 00:00:00,Panther_education_Misty,22.4
2017-12-14 01:00:00,Panther_education_Misty,23.68
2017-12-14 02:00:00,Panther_education_Misty,24.08
2017-12-14 03:00:00,Panther_education_Misty,24.4
2017-12-14 04:00:00,Panther_education_Misty,24.56
2017-12-14 05:00:00,Panther_education_Misty,24.24
2017-12-14 06:00:00,Panther_education_Misty,24.32
2017-12-14 07:00:00,Panther_education_Misty,23.2
2017-12-14 08:00:00,Panther_education_Misty,17.68
2017-12-14 09:00:00,Panther_education_Misty,16.96
2017-12-14 10:00:00,Panther_education_Misty,21.68
2017-12-14 11:00:00,Panther_education_Misty,24.24
2017-12-14 12:00:00,Panther_education_Misty,23.84
2017-12-14 13:00:00,Panther_education_Misty,23.6
2017-12-14 14:00:00,Panther_education_Misty,23.28
2017-12-14 15:00:00,Panther_education_Misty,24.16
2017-12-14 16:00:00,Panther_education_Misty,24.8
2017-12-14 17:00:00,Panther_education_Misty,25.68
2017-12-14 18:00:00,Panther_education_Misty,25.6
2017-12-14 19:00:00,Panther_education_Misty,23.04
2017-12-14 20:00:00,Panther_education_Misty,18.32
2017-12-14 21:00:00,Panther_education_Misty,15.36
2017-12-14 22:00:00,Panther_education_Misty,17.12
2017-12-14 23:00:00,Panther_education_Misty,17.04
2017-12-15 00:00:00,Panther_education_Misty,17.36
2017-12-15 01:00:00,Panther_education_Misty,17.12
2017-12-15 02:00:00,Panther_education_Misty,17.28
2017-12-15 03:00:00,Panther_education_Misty,17.6
2017-12-15 04:00:00,Panther_education_Misty,18.0
2017-12-15 05:00:00,Panther_education_Misty,18.32
2017-12-15 06:00:00,Panther_education_Misty,17.92
2017-12-15 07:00:00,Panther_education_Misty,17.2
2017-12-15 08:00:00,Panther_education_Misty,16.48
2017-12-15 09:00:00,Panther_education_Misty,25.12
2017-12-15 10:00:00,Panther_education_Misty,23.28
2017-12-15 11:00:00,Panther_education_Misty,23.76
2017-12-15 12:00:00,Panther_education_Misty,24.08
2017-12-15 13:00:00,Panther_education_Misty,24.8
2017-12-15 14:00:00,Panther_education_Misty,24.4
2017-12-15 15:00:00,Panther_education_Misty,25.84
2017-12-15 16:00:00,Panther_education_Misty,25.92
2017-12-15 17:00:00,Panther_education_Misty,24.48
2017-12-15 18:00:00,Panther_education_Misty,26.17
2017-12-15 19:00:00,Panther_education_Misty,25.04
2017-12-15 20:00:00,Panther_education_Misty,16.72
2017-12-15 21:00:00,Panther_education_Misty,16.32
2017-12-15 22:00:00,Panther_education_Misty,16.16
2017-12-15 23:00:00,Panther_education_Misty,15.36
2017-12-16 00:00:00,Panther_education_Misty,15.28
2017-12-16 01:00:00,Panther_education_Misty,15.2
2017-12-16 02:00:00,Panther_education_Misty,16.08
2017-12-16 03:00:00,Panther_education_Misty,14.56
2017-12-16 04:00:00,Panther_education_Misty,17.28
2017-12-16 05:00:00,Panther_education_Misty,16.64
2017-12-16 06:00:00,Panther_education_Misty,14.8
2017-12-16 07:00:00,Panther_education_Misty,15.04
2017-12-16 08:00:00,Panther_education_Misty,15.2
2017-12-16 09:00:00,Panther_education_Misty,18.08
2017-12-16 10:00:00,Panther_education_Misty,24.88
2017-12-16 11:00:00,Panther_education_Misty,23.04
2017-12-16 12:00:00,Panther_education_Misty,23.04
2017-12-16 13:00:00,Panther_education_Misty,23.36
2017-12-16 14:00:00,Panther_education_Misty,23.52
2017-12-16 15:00:00,Panther_education_Misty,25.36
2017-12-16 16:00:00,Panther_education_Misty,24.88
2017-12-16 17:00:00,Panther_education_Misty,26.65
2017-12-16 18:00:00,Panther_education_Misty,25.92
2017-12-16 19:00:00,Panther_education_Misty,20.56
2017-12-16 20:00:00,Panther_education_Misty,15.84
2017-12-16 21:00:00,Panther_education_Misty,15.52
2017-12-16 22:00:00,Panther_education_Misty,15.92
2017-12-16 23:00:00,Panther_education_Misty,14.32
2017-12-17 00:00:00,Panther_education_Misty,14.72
2017-12-17 01:00:00,Panther_education_Misty,14.96
2017-12-17 02:00:00,Panther_education_Misty,14.88
2017-12-17 03:00:00,Panther_education_Misty,14.56
2017-12-17 04:00:00,Panther_education_Misty,15.12
2017-12-17 05:00:00,Panther_education_Misty,15.68
2017-12-17 06:00:00,Panther_education_Misty,15.76
2017-12-17 07:00:00,Panther_education_Misty,15.52
2017-12-17 08:00:00,Panther_education_Misty,16.88
2017-12-17 09:00:00,Panther_education_Misty,25.52
2017-12-17 10:00:00,Panther_education_Misty,28.33
2017-12-17 11:00:00,Panther_education_Misty,30.49
2017-12-17 12:00:00,Panther_education_Misty,29.13
2017-12-17 13:00:00,Panther_education_Misty,30.01
2017-12-17 14:00:00,Panther_education_Misty,32.25
2017-12-17 15:00:00,Panther_education_Misty,34.49
2017-12-17 16:00:00,Panther_education_Misty,31.93
2017-12-17 17:00:00,Panther_education_Misty,29.93
2017-12-17 18:00:00,Panther_education_Misty,27.53
2017-12-17 19:00:00,Panther_education_Misty,26.73
2017-12-17 20:00:00,Panther_education_Misty,26.41
2017-12-17 21:00:00,Panther_education_Misty,26.89
2017-12-17 22:00:00,Panther_education_Misty,27.69
2017-12-17 23:00:00,Panther_education_Misty,27.53
2017-12-18 00:00:00,Panther_education_Misty,27.29
2017-12-18 01:00:00,Panther_education_Misty,26.97
2017-12-18 02:00:00,Panther_education_Misty,27.13
2017-12-18 03:00:00,Panther_education_Misty,26.65
2017-12-18 04:00:00,Panther_education_Misty,27.21
2017-12-18 05:00:00,Panther_education_Misty,27.21
2017-12-18 06:00:00,Panther_education_Misty,27.69
2017-12-18 07:00:00,Panther_education_Misty,28.25
2017-12-18 08:00:00,Panther_education_Misty,28.49
2017-12-18 09:00:00,Panther_education_Misty,30.65
2017-12-18 10:00:00,Panther_education_Misty,36.09
2017-12-18 11:00:00,Panther_education_Misty,35.93
2017-12-18 12:00:00,Panther_education_Misty,35.37
2017-12-18 13:00:00,Panther_education_Misty,35.93
2017-12-18 14:00:00,Panther_education_Misty,35.85
2017-12-18 15:00:00,Panther_education_Misty,35.29
2017-12-18 16:00:00,Panther_education_Misty,35.93
2017-12-18 17:00:00,Panther_education_Misty,36.09
2017-12-18 18:00:00,Panther_education_Misty,31.77
2017-12-18 19:00:00,Panther_education_Misty,28.01
2017-12-18 20:00:00,Panther_education_Misty,32.97
2017-12-18 21:00:00,Panther_education_Misty,30.65
2017-12-18 22:00:00,Panther_education_Misty,30.33
2017-12-18 23:00:00,Panther_education_Misty,29.53
2017-12-19 00:00:00,Panther_education_Misty,29.21
2017-12-19 01:00:00,Panther_education_Misty,29.05
2017-12-19 02:00:00,Panther_education_Misty,27.37
2017-12-19 03:00:00,Panther_education_Misty,27.93
2017-12-19 04:00:00,Panther_education_Misty,27.93
2017-12-19 05:00:00,Panther_education_Misty,27.37
2017-12-19 06:00:00,Panther_education_Misty,25.36
2017-12-19 07:00:00,Panther_education_Misty,26.49
2017-12-19 08:00:00,Panther_education_Misty,39.53
2017-12-19 09:00:00,Panther_education_Misty,33.45
2017-12-19 10:00:00,Panther_education_Misty,22.4
2017-12-19 11:00:00,Panther_education_Misty,36.97
2017-12-19 12:00:00,Panther_education_Misty,36.01
2017-12-19 13:00:00,Panther_education_Misty,34.89
2017-12-19 14:00:00,Panther_education_Misty,35.13
2017-12-19 15:00:00,Panther_education_Misty,35.61
2017-12-19 16:00:00,Panther_education_Misty,35.21
2017-12-19 17:00:00,Panther_education_Misty,35.77
2017-12-19 18:00:00,Panther_education_Misty,33.13
2017-12-19 19:00:00,Panther_education_Misty,29.13
2017-12-19 20:00:00,Panther_education_Misty,30.41
2017-12-19 21:00:00,Panther_education_Misty,31.45
2017-12-19 22:00:00,Panther_education_Misty,31.05
2017-12-19 23:00:00,Panther_education_Misty,29.29
2017-12-20 00:00:00,Panther_education_Misty,28.57
2017-12-20 01:00:00,Panther_education_Misty,28.41
2017-12-20 02:00:00,Panther_education_Misty,28.33
2017-12-20 03:00:00,Panther_education_Misty,28.25
2017-12-20 04:00:00,Panther_education_Misty,27.93
2017-12-20 05:00:00,Panther_education_Misty,28.57
2017-12-20 06:00:00,Panther_education_Misty,28.33
2017-12-20 07:00:00,Panther_education_Misty,27.85
2017-12-20 08:00:00,Panther_education_Misty,28.65
2017-12-20 09:00:00,Panther_education_Misty,35.45
2017-12-20 10:00:00,Panther_education_Misty,36.49
2017-12-20 11:00:00,Panther_education_Misty,47.21
2017-12-20 12:00:00,Panther_education_Misty,36.57
2017-12-20 13:00:00,Panther_education_Misty,34.65
2017-12-20 14:00:00,Panther_education_Misty,34.73
2017-12-20 15:00:00,Panther_education_Misty,35.77
2017-12-20 16:00:00,Panther_education_Misty,35.69
2017-12-20 17:00:00,Panther_education_Misty,33.93
2017-12-20 18:00:00,Panther_education_Misty,29.93
2017-12-20 19:00:00,Panther_education_Misty,28.81
2017-12-20 20:00:00,Panther_education_Misty,28.57
2017-12-20 21:00:00,Panther_education_Misty,28.97
2017-12-20 22:00:00,Panther_education_Misty,29.05
2017-12-20 23:00:00,Panther_education_Misty,29.29
2017-12-21 00:00:00,Panther_education_Misty,29.37
2017-12-21 01:00:00,Panther_education_Misty,31.61
2017-12-21 02:00:00,Panther_education_Misty,36.49
2017-12-21 03:00:00,Panther_education_Misty,38.33
2017-12-21 04:00:00,Panther_education_Misty,38.01
2017-12-21 05:00:00,Panther_education_Misty,37.85
2017-12-21 06:00:00,Panther_education_Misty,37.45
2017-12-21 07:00:00,Panther_education_Misty,37.29
2017-12-21 08:00:00,Panther_education_Misty,35.13
2017-12-21 09:00:00,Panther_education_Misty,38.57
2017-12-21 10:00:00,Panther_education_Misty,36.81
2017-12-21 11:00:00,Panther_education_Misty,36.09
2017-12-21 12:00:00,Panther_education_Misty,36.17
2017-12-21 13:00:00,Panther_education_Misty,36.89
2017-12-21 14:00:00,Panther_education_Misty,36.17
2017-12-21 15:00:00,Panther_education_Misty,36.73
2017-12-21 16:00:00,Panther_education_Misty,35.85
2017-12-21 17:00:00,Panther_education_Misty,35.69
2017-12-21 18:00:00,Panther_education_Misty,28.65
2017-12-21 19:00:00,Panther_education_Misty,28.65
2017-12-21 20:00:00,Panther_education_Misty,28.17
2017-12-21 21:00:00,Panther_education_Misty,27.69
2017-12-21 22:00:00,Panther_education_Misty,27.05
2017-12-21 23:00:00,Panther_education_Misty,26.97
2017-12-22 00:00:00,Panther_education_Misty,27.69
2017-12-22 01:00:00,Panther_education_Misty,28.33
2017-12-22 02:00:00,Panther_education_Misty,27.69
2017-12-22 03:00:00,Panther_education_Misty,27.69
2017-12-22 04:00:00,Panther_education_Misty,27.85
2017-12-22 05:00:00,Panther_education_Misty,27.61
2017-12-22 06:00:00,Panther_education_Misty,27.53
2017-12-22 07:00:00,Panther_education_Misty,27.13
2017-12-22 08:00:00,Panther_education_Misty,27.53
2017-12-22 09:00:00,Panther_education_Misty,27.29
2017-12-22 10:00:00,Panther_education_Misty,35.13
2017-12-22 11:00:00,Panther_education_Misty,28.57
2017-12-22 12:00:00,Panther_education_Misty,32.01
2017-12-22 13:00:00,Panther_education_Misty,33.77
2017-12-22 14:00:00,Panther_education_Misty,25.6
2017-12-22 15:00:00,Panther_education_Misty,26.89
2017-12-22 16:00:00,Panther_education_Misty,33.37
2017-12-22 17:00:00,Panther_education_Misty,37.77
2017-12-22 18:00:00,Panther_education_Misty,28.65
2017-12-22 19:00:00,Panther_education_Misty,27.61
2017-12-22 20:00:00,Panther_education_Misty,28.25
2017-12-22 21:00:00,Panther_education_Misty,27.53
2017-12-22 22:00:00,Panther_education_Misty,26.41
2017-12-22 23:00:00,Panther_education_Misty,26.17
2017-12-23 00:00:00,Panther_education_Misty,26.08
2017-12-23 01:00:00,Panther_education_Misty,26.33
2017-12-23 02:00:00,Panther_education_Misty,26.81
2017-12-23 03:00:00,Panther_education_Misty,26.57
2017-12-23 04:00:00,Panther_education_Misty,25.76
2017-12-23 05:00:00,Panther_education_Misty,22.16
2017-12-23 06:00:00,Panther_education_Misty,17.12
2017-12-23 07:00:00,Panther_education_Misty,33.05
2017-12-23 08:00:00,Panther_education_Misty,31.05
2017-12-23 09:00:00,Panther_education_Misty,30.49
2017-12-23 10:00:00,Panther_education_Misty,44.57
2017-12-23 11:00:00,Panther_education_Misty,46.81
2017-12-23 12:00:00,Panther_education_Misty,51.69
2017-12-23 13:00:00,Panther_education_Misty,34.17
2017-12-23 14:00:00,Panther_education_Misty,34.73
2017-12-23 15:00:00,Panther_education_Misty,34.73
2017-12-23 16:00:00,Panther_education_Misty,39.37
2017-12-23 17:00:00,Panther_education_Misty,34.33
2017-12-23 18:00:00,Panther_education_Misty,26.81
2017-12-23 19:00:00,Panther_education_Misty,27.29
2017-12-23 20:00:00,Panther_education_Misty,26.89
2017-12-23 21:00:00,Panther_education_Misty,26.97
2017-12-23 22:00:00,Panther_education_Misty,26.25
2017-12-23 23:00:00,Panther_education_Misty,26.41
2017-12-24 00:00:00,Panther_education_Misty,26.81
2017-12-24 01:00:00,Panther_education_Misty,27.05
2017-12-24 02:00:00,Panther_education_Misty,26.97
2017-12-24 03:00:00,Panther_education_Misty,26.41
2017-12-24 04:00:00,Panther_education_Misty,26.49
2017-12-24 05:00:00,Panther_education_Misty,26.41
2017-12-24 06:00:00,Panther_education_Misty,25.92
2017-12-24 07:00:00,Panther_education_Misty,27.61
2017-12-24 08:00:00,Panther_education_Misty,39.93
2017-12-24 09:00:00,Panther_education_Misty,26.89
2017-12-24 10:00:00,Panther_education_Misty,40.49
2017-12-24 11:00:00,Panther_education_Misty,34.17
2017-12-24 12:00:00,Panther_education_Misty,34.33
2017-12-24 13:00:00,Panther_education_Misty,34.57
2017-12-24 14:00:00,Panther_education_Misty,34.89
2017-12-24 15:00:00,Panther_education_Misty,34.49
2017-12-24 16:00:00,Panther_education_Misty,34.65
2017-12-24 17:00:00,Panther_education_Misty,37.05
2017-12-24 18:00:00,Panther_education_Misty,38.01
2017-12-24 19:00:00,Panther_education_Misty,25.68
2017-12-24 20:00:00,Panther_education_Misty,28.33
2017-12-24 21:00:00,Panther_education_Misty,28.41
2017-12-24 22:00:00,Panther_education_Misty,27.05
2017-12-24 23:00:00,Panther_education_Misty,26.97
2017-12-25 00:00:00,Panther_education_Misty,27.29
2017-12-25 01:00:00,Panther_education_Misty,28.01
2017-12-25 02:00:00,Panther_education_Misty,28.73
2017-12-25 03:00:00,Panther_education_Misty,28.33
2017-12-25 04:00:00,Panther_education_Misty,28.81
2017-12-25 05:00:00,Panther_education_Misty,28.33
2017-12-25 06:00:00,Panther_education_Misty,26.89
2017-12-25 07:00:00,Panther_education_Misty,24.24
2017-12-25 08:00:00,Panther_education_Misty,21.76
2017-12-25 09:00:00,Panther_education_Misty,24.72
2017-12-25 10:00:00,Panther_education_Misty,22.88
2017-12-25 11:00:00,Panther_education_Misty,22.72
2017-12-25 12:00:00,Panther_education_Misty,22.96
2017-12-25 13:00:00,Panther_education_Misty,22.56
2017-12-25 14:00:00,Panther_education_Misty,22.56
2017-12-25 15:00:00,Panther_education_Misty,22.56
2017-12-25 16:00:00,Panther_education_Misty,25.2
2017-12-25 17:00:00,Panther_education_Misty,20.4
2017-12-25 18:00:00,Panther_education_Misty,16.32
2017-12-25 19:00:00,Panther_education_Misty,16.16
2017-12-25 20:00:00,Panther_education_Misty,15.2
2017-12-25 21:00:00,Panther_education_Misty,14.4
2017-12-25 22:00:00,Panther_education_Misty,14.72
2017-12-25 23:00:00,Panther_education_Misty,16.24
2017-12-26 00:00:00,Panther_education_Misty,15.68
2017-12-26 01:00:00,Panther_education_Misty,17.28
2017-12-26 02:00:00,Panther_education_Misty,15.76
2017-12-26 03:00:00,Panther_education_Misty,17.04
2017-12-26 04:00:00,Panther_education_Misty,16.24
2017-12-26 05:00:00,Panther_education_Misty,17.28
2017-12-26 06:00:00,Panther_education_Misty,18.0
2017-12-26 07:00:00,Panther_education_Misty,18.32
2017-12-26 08:00:00,Panther_education_Misty,15.36
2017-12-26 09:00:00,Panther_education_Misty,15.44
2017-12-26 10:00:00,Panther_education_Misty,16.4
2017-12-26 11:00:00,Panther_education_Misty,24.96
2017-12-26 12:00:00,Panther_education_Misty,24.96
2017-12-26 13:00:00,Panther_education_Misty,27.29
2017-12-26 14:00:00,Panther_education_Misty,24.32
2017-12-26 15:00:00,Panther_education_Misty,26.25
2017-12-26 16:00:00,Panther_education_Misty,28.01
2017-12-26 17:00:00,Panther_education_Misty,27.37
2017-12-26 18:00:00,Panther_education_Misty,27.77
2017-12-26 19:00:00,Panther_education_Misty,27.29
2017-12-26 20:00:00,Panther_education_Misty,26.17
2017-12-26 21:00:00,Panther_education_Misty,25.44
2017-12-26 22:00:00,Panther_education_Misty,17.76
2017-12-26 23:00:00,Panther_education_Misty,17.28
2017-12-27 00:00:00,Panther_education_Misty,17.12
2017-12-27 01:00:00,Panther_education_Misty,17.52
2017-12-27 02:00:00,Panther_education_Misty,16.96
2017-12-27 03:00:00,Panther_education_Misty,17.44
2017-12-27 04:00:00,Panther_education_Misty,17.76
2017-12-27 05:00:00,Panther_education_Misty,18.72
2017-12-27 06:00:00,Panther_education_Misty,18.32
2017-12-27 07:00:00,Panther_education_Misty,18.08
2017-12-27 08:00:00,Panther_education_Misty,18.88
2017-12-27 09:00:00,Panther_education_Misty,22.48
2017-12-27 10:00:00,Panther_education_Misty,26.57
2017-12-27 11:00:00,Panther_education_Misty,26.65
2017-12-27 12:00:00,Panther_education_Misty,28.73
2017-12-27 13:00:00,Panther_education_Misty,29.37
2017-12-27 14:00:00,Panther_education_Misty,28.57
2017-12-27 15:00:00,Panther_education_Misty,26.89
2017-12-27 16:00:00,Panther_education_Misty,27.37
2017-12-27 17:00:00,Panther_education_Misty,27.37
2017-12-27 18:00:00,Panther_education_Misty,27.61
2017-12-27 19:00:00,Panther_education_Misty,27.05
2017-12-27 20:00:00,Panther_education_Misty,27.05
2017-12-27 21:00:00,Panther_education_Misty,27.37
2017-12-27 22:00:00,Panther_education_Misty,24.08
2017-12-27 23:00:00,Panther_education_Misty,18.08
2017-12-28 00:00:00,Panther_education_Misty,18.88
2017-12-28 01:00:00,Panther_education_Misty,19.44
2017-12-28 02:00:00,Panther_education_Misty,19.36
2017-12-28 03:00:00,Panther_education_Misty,19.84
2017-12-28 04:00:00,Panther_education_Misty,20.0
2017-12-28 05:00:00,Panther_education_Misty,19.92
2017-12-28 06:00:00,Panther_education_Misty,18.88
2017-12-28 07:00:00,Panther_education_Misty,18.32
2017-12-28 08:00:00,Panther_education_Misty,19.2
2017-12-28 09:00:00,Panther_education_Misty,25.04
2017-12-28 10:00:00,Panther_education_Misty,26.65
2017-12-28 11:00:00,Panther_education_Misty,26.81
2017-12-28 12:00:00,Panther_education_Misty,25.52
2017-12-28 13:00:00,Panther_education_Misty,26.49
2017-12-28 14:00:00,Panther_education_Misty,27.05
2017-12-28 15:00:00,Panther_education_Misty,26.41
2017-12-28 16:00:00,Panther_education_Misty,28.01
2017-12-28 17:00:00,Panther_education_Misty,27.53
2017-12-28 18:00:00,Panther_education_Misty,28.01
2017-12-28 19:00:00,Panther_education_Misty,27.61
2017-12-28 20:00:00,Panther_education_Misty,24.96
2017-12-28 21:00:00,Panther_education_Misty,26.57
2017-12-28 22:00:00,Panther_education_Misty,26.08
2017-12-28 23:00:00,Panther_education_Misty,26.25
2017-12-29 00:00:00,Panther_education_Misty,26.25
2017-12-29 01:00:00,Panther_education_Misty,26.0
2017-12-29 02:00:00,Panther_education_Misty,25.84
2017-12-29 03:00:00,Panther_education_Misty,22.16
2017-12-29 04:00:00,Panther_education_Misty,17.68
2017-12-29 05:00:00,Panther_education_Misty,15.76
2017-12-29 06:00:00,Panther_education_Misty,16.32
2017-12-29 07:00:00,Panther_education_Misty,17.12
2017-12-29 08:00:00,Panther_education_Misty,17.12
2017-12-29 09:00:00,Panther_education_Misty,17.36
2017-12-29 10:00:00,Panther_education_Misty,15.52
2017-12-29 11:00:00,Panther_education_Misty,14.72
2017-12-29 12:00:00,Panther_education_Misty,14.48
2017-12-29 13:00:00,Panther_education_Misty,14.56
2017-12-29 14:00:00,Panther_education_Misty,15.6
2017-12-29 15:00:00,Panther_education_Misty,15.12
2017-12-29 16:00:00,Panther_education_Misty,14.56
2017-12-29 17:00:00,Panther_education_Misty,14.64
2017-12-29 18:00:00,Panther_education_Misty,15.12
2017-12-29 19:00:00,Panther_education_Misty,15.36
2017-12-29 20:00:00,Panther_education_Misty,15.68
2017-12-29 21:00:00,Panther_education_Misty,15.68
2017-12-29 22:00:00,Panther_education_Misty,15.6
2017-12-29 23:00:00,Panther_education_Misty,15.36
2017-12-30 00:00:00,Panther_education_Misty,16.48
2017-12-30 01:00:00,Panther_education_Misty,15.92
2017-12-30 02:00:00,Panther_education_Misty,17.04
2017-12-30 03:00:00,Panther_education_Misty,17.52
2017-12-30 04:00:00,Panther_education_Misty,17.12
2017-12-30 05:00:00,Panther_education_Misty,16.48
2017-12-30 06:00:00,Panther_education_Misty,16.64
2017-12-30 07:00:00,Panther_education_Misty,26.49
2017-12-30 08:00:00,Panther_education_Misty,28.49
2017-12-30 09:00:00,Panther_education_Misty,22.24
2017-12-30 10:00:00,Panther_education_Misty,26.73
2017-12-30 11:00:00,Panther_education_Misty,15.12
2017-12-30 12:00:00,Panther_education_Misty,16.56
2017-12-30 13:00:00,Panther_education_Misty,18.88
2017-12-30 14:00:00,Panther_education_Misty,21.28
2017-12-30 15:00:00,Panther_education_Misty,21.2
2017-12-30 16:00:00,Panther_education_Misty,20.48
2017-12-30 17:00:00,Panther_education_Misty,18.56
2017-12-30 18:00:00,Panther_education_Misty,15.36
2017-12-30 19:00:00,Panther_education_Misty,14.8
2017-12-30 20:00:00,Panther_education_Misty,14.56
2017-12-30 21:00:00,Panther_education_Misty,14.16
2017-12-30 22:00:00,Panther_education_Misty,16.8
2017-12-30 23:00:00,Panther_education_Misty,18.48
2017-12-31 00:00:00,Panther_education_Misty,20.32
2017-12-31 01:00:00,Panther_education_Misty,18.32
2017-12-31 02:00:00,Panther_education_Misty,18.4
2017-12-31 03:00:00,Panther_education_Misty,20.56
2017-12-31 04:00:00,Panther_education_Misty,21.84
2017-12-31 05:00:00,Panther_education_Misty,22.32
2017-12-31 06:00:00,Panther_education_Misty,20.08
2017-12-31 07:00:00,Panther_education_Misty,20.4
2017-12-31 08:00:00,Panther_education_Misty,26.33
2017-12-31 09:00:00,Panther_education_Misty,14.56
2017-12-31 10:00:00,Panther_education_Misty,17.68
2017-12-31 11:00:00,Panther_education_Misty,17.44
2017-12-31 12:00:00,Panther_education_Misty,20.24
2017-12-31 13:00:00,Panther_education_Misty,18.64
2017-12-31 14:00:00,Panther_education_Misty,23.36
2017-12-31 15:00:00,Panther_education_Misty,24.72
2017-12-31 16:00:00,Panther_education_Misty,26.81
2017-12-31 17:00:00,Panther_education_Misty,26.08
2017-12-31 18:00:00,Panther_education_Misty,16.08
2017-12-31 19:00:00,Panther_education_Misty,16.32
2017-12-31 20:00:00,Panther_education_Misty,16.08
2017-12-31 21:00:00,Panther_education_Misty,16.16
2017-12-31 22:00:00,Panther_education_Misty,14.88
2017-12-31 23:00:00,Panther_education_Misty,16.0
2017-11-16 23:00:00,Panther_education_Rosalie,52.61
2017-11-17 00:00:00,Panther_education_Rosalie,51.01
2017-11-17 01:00:00,Panther_education_Rosalie,49.61
2017-11-17 02:00:00,Panther_education_Rosalie,45.41
2017-11-17 03:00:00,Panther_education_Rosalie,46.41
2017-11-17 04:00:00,Panther_education_Rosalie,47.41
2017-11-17 05:00:00,Panther_education_Rosalie,46.61
2017-11-17 06:00:00,Panther_education_Rosalie,46.21
2017-11-17 07:00:00,Panther_education_Rosalie,45.41
2017-11-17 08:00:00,Panther_education_Rosalie,61.01
2017-11-17 09:00:00,Panther_education_Rosalie,62.61
2017-11-17 10:00:00,Panther_education_Rosalie,66.01
2017-11-17 11:00:00,Panther_education_Rosalie,64.81
2017-11-17 12:00:00,Panther_education_Rosalie,61.01
2017-11-17 13:00:00,Panther_education_Rosalie,63.21
2017-11-17 14:00:00,Panther_education_Rosalie,64.21
2017-11-17 15:00:00,Panther_education_Rosalie,62.01
2017-11-17 16:00:00,Panther_education_Rosalie,60.41
2017-11-17 17:00:00,Panther_education_Rosalie,61.21
2017-11-17 18:00:00,Panther_education_Rosalie,62.81
2017-11-17 19:00:00,Panther_education_Rosalie,60.41
2017-11-17 20:00:00,Panther_education_Rosalie,62.41
2017-11-17 21:00:00,Panther_education_Rosalie,60.01
2017-11-17 22:00:00,Panther_education_Rosalie,53.41
2017-11-17 23:00:00,Panther_education_Rosalie,44.41
2017-11-18 00:00:00,Panther_education_Rosalie,45.21
2017-11-18 01:00:00,Panther_education_Rosalie,45.21
2017-11-18 02:00:00,Panther_education_Rosalie,45.41
2017-11-18 03:00:00,Panther_education_Rosalie,46.61
2017-11-18 04:00:00,Panther_education_Rosalie,47.81
2017-11-18 05:00:00,Panther_education_Rosalie,48.01
2017-11-18 06:00:00,Panther_education_Rosalie,48.01
2017-11-18 07:00:00,Panther_education_Rosalie,47.41
2017-11-18 08:00:00,Panther_education_Rosalie,58.81
2017-11-18 09:00:00,Panther_education_Rosalie,66.21
2017-11-18 10:00:00,Panther_education_Rosalie,66.01
2017-11-18 11:00:00,Panther_education_Rosalie,63.01
2017-11-18 12:00:00,Panther_education_Rosalie,62.81
2017-11-18 13:00:00,Panther_education_Rosalie,61.21
2017-11-18 14:00:00,Panther_education_Rosalie,59.81
2017-11-18 15:00:00,Panther_education_Rosalie,61.61
2017-11-18 16:00:00,Panther_education_Rosalie,64.41
2017-11-18 17:00:00,Panther_education_Rosalie,62.01
2017-11-18 18:00:00,Panther_education_Rosalie,61.21
2017-11-18 19:00:00,Panther_education_Rosalie,58.41
2017-11-18 20:00:00,Panther_education_Rosalie,60.41
2017-11-18 21:00:00,Panther_education_Rosalie,64.21
2017-11-18 22:00:00,Panther_education_Rosalie,64.41
2017-11-18 23:00:00,Panther_education_Rosalie,61.61
2017-11-19 00:00:00,Panther_education_Rosalie,59.21
2017-11-19 01:00:00,Panther_education_Rosalie,51.01
2017-11-19 02:00:00,Panther_education_Rosalie,45.61
2017-11-19 03:00:00,Panther_education_Rosalie,46.01
2017-11-19 04:00:00,Panther_education_Rosalie,46.41
2017-11-19 05:00:00,Panther_education_Rosalie,45.01
2017-11-19 06:00:00,Panther_education_Rosalie,55.41
2017-11-19 07:00:00,Panther_education_Rosalie,61.01
2017-11-19 08:00:00,Panther_education_Rosalie,66.01
2017-11-19 09:00:00,Panther_education_Rosalie,66.41
2017-11-19 10:00:00,Panther_education_Rosalie,75.01
2017-11-19 11:00:00,Panther_education_Rosalie,73.61
2017-11-19 12:00:00,Panther_education_Rosalie,73.01
2017-11-19 13:00:00,Panther_education_Rosalie,72.01
2017-11-19 14:00:00,Panther_education_Rosalie,72.61
2017-11-19 15:00:00,Panther_education_Rosalie,74.21
2017-11-19 16:00:00,Panther_education_Rosalie,75.41
2017-11-19 17:00:00,Panther_education_Rosalie,73.21
2017-11-19 18:00:00,Panther_education_Rosalie,67.01
2017-11-19 19:00:00,Panther_education_Rosalie,66.01
2017-11-19 20:00:00,Panther_education_Rosalie,62.81
2017-11-19 21:00:00,Panther_education_Rosalie,61.61
2017-11-19 22:00:00,Panther_education_Rosalie,63.01
2017-11-19 23:00:00,Panther_education_Rosalie,57.01
2017-11-20 00:00:00,Panther_education_Rosalie,48.61
2017-11-20 01:00:00,Panther_education_Rosalie,45.21
2017-11-20 02:00:00,Panther_education_Rosalie,46.01
2017-11-20 03:00:00,Panther_education_Rosalie,49.21
2017-11-20 04:00:00,Panther_education_Rosalie,50.01
2017-11-20 05:00:00,Panther_education_Rosalie,51.61
2017-11-20 06:00:00,Panther_education_Rosalie,51.21
2017-11-20 07:00:00,Panther_education_Rosalie,50.01
2017-11-20 08:00:00,Panther_education_Rosalie,53.01
2017-11-20 09:00:00,Panther_education_Rosalie,62.01
2017-11-20 10:00:00,Panther_education_Rosalie,63.61
2017-11-20 11:00:00,Panther_education_Rosalie,65.81
2017-11-20 12:00:00,Panther_education_Rosalie,64.21
2017-11-20 13:00:00,Panther_education_Rosalie,61.81
2017-11-20 14:00:00,Panther_education_Rosalie,61.01
2017-11-20 15:00:00,Panther_education_Rosalie,61.41
2017-11-20 16:00:00,Panther_education_Rosalie,65.21
2017-11-20 17:00:00,Panther_education_Rosalie,60.41
2017-11-20 18:00:00,Panther_education_Rosalie,59.81
2017-11-20 19:00:00,Panther_education_Rosalie,62.01
2017-11-20 20:00:00,Panther_education_Rosalie,32.21
2017-11-21 05:00:00,Panther_education_Rosalie,63.61
2017-11-21 06:00:00,Panther_education_Rosalie,58.81
2017-11-21 07:00:00,Panther_education_Rosalie,60.21
2017-11-21 08:00:00,Panther_education_Rosalie,68.61
2017-11-21 09:00:00,Panther_education_Rosalie,71.81
2017-11-21 10:00:00,Panther_education_Rosalie,75.21
2017-11-21 11:00:00,Panther_education_Rosalie,78.02
2017-11-21 12:00:00,Panther_education_Rosalie,78.42
2017-11-21 13:00:00,Panther_education_Rosalie,73.61
2017-11-21 14:00:00,Panther_education_Rosalie,71.61
2017-11-21 15:00:00,Panther_education_Rosalie,70.61
2017-11-21 16:00:00,Panther_education_Rosalie,70.21
2017-11-21 17:00:00,Panther_education_Rosalie,65.41
2017-11-21 18:00:00,Panther_education_Rosalie,67.81
2017-11-21 19:00:00,Panther_education_Rosalie,67.61
2017-11-21 20:00:00,Panther_education_Rosalie,70.41
2017-11-21 21:00:00,Panther_education_Rosalie,70.61
2017-11-21 22:00:00,Panther_education_Rosalie,71.21
2017-11-21 23:00:00,Panther_education_Rosalie,69.21
2017-11-22 00:00:00,Panther_education_Rosalie,65.41
2017-11-22 01:00:00,Panther_education_Rosalie,69.21
2017-11-22 02:00:00,Panther_education_Rosalie,69.01
2017-11-22 03:00:00,Panther_education_Rosalie,70.81
2017-11-22 04:00:00,Panther_education_Rosalie,71.21
2017-11-22 05:00:00,Panther_education_Rosalie,68.41
2017-11-22 06:00:00,Panther_education_Rosalie,68.61
2017-11-22 07:00:00,Panther_education_Rosalie,68.21
2017-11-22 08:00:00,Panther_education_Rosalie,69.41
2017-11-22 09:00:00,Panther_education_Rosalie,68.81
2017-11-22 10:00:00,Panther_education_Rosalie,77.41
2017-11-22 11:00:00,Panther_education_Rosalie,75.41
2017-11-22 12:00:00,Panther_education_Rosalie,74.21
2017-11-22 13:00:00,Panther_education_Rosalie,71.21
2017-11-22 14:00:00,Panther_education_Rosalie,72.21
2017-11-22 15:00:00,Panther_education_Rosalie,72.41
2017-11-22 16:00:00,Panther_education_Rosalie,63.01
2017-11-22 17:00:00,Panther_education_Rosalie,63.81
2017-11-22 18:00:00,Panther_education_Rosalie,64.81
2017-11-22 19:00:00,Panther_education_Rosalie,64.01
2017-11-22 20:00:00,Panther_education_Rosalie,63.21
2017-11-22 21:00:00,Panther_education_Rosalie,71.01
2017-11-22 22:00:00,Panther_education_Rosalie,64.01
2017-11-22 23:00:00,Panther_education_Rosalie,63.61
2017-11-23 00:00:00,Panther_education_Rosalie,63.61
2017-11-23 01:00:00,Panther_education_Rosalie,66.21
2017-11-23 02:00:00,Panther_education_Rosalie,71.61
2017-11-23 03:00:00,Panther_education_Rosalie,71.41
2017-11-23 04:00:00,Panther_education_Rosalie,70.41
2017-11-23 05:00:00,Panther_education_Rosalie,71.21
2017-11-23 06:00:00,Panther_education_Rosalie,71.61
2017-11-23 07:00:00,Panther_education_Rosalie,70.01
2017-11-23 08:00:00,Panther_education_Rosalie,73.61
2017-11-23 09:00:00,Panther_education_Rosalie,77.01
2017-11-23 10:00:00,Panther_education_Rosalie,78.82
2017-11-23 11:00:00,Panther_education_Rosalie,77.82
2017-11-23 12:00:00,Panther_education_Rosalie,76.01
2017-11-23 13:00:00,Panther_education_Rosalie,75.01
2017-11-23 14:00:00,Panther_education_Rosalie,74.61
2017-11-23 15:00:00,Panther_education_Rosalie,75.01
2017-11-23 16:00:00,Panther_education_Rosalie,74.21
2017-11-23 17:00:00,Panther_education_Rosalie,74.41
2017-11-23 18:00:00,Panther_education_Rosalie,65.61
2017-11-23 19:00:00,Panther_education_Rosalie,64.81
2017-11-23 20:00:00,Panther_education_Rosalie,66.81
2017-11-23 21:00:00,Panther_education_Rosalie,68.21
2017-11-23 22:00:00,Panther_education_Rosalie,66.81
2017-11-23 23:00:00,Panther_education_Rosalie,65.21
2017-11-24 00:00:00,Panther_education_Rosalie,66.81
2017-11-24 01:00:00,Panther_education_Rosalie,67.81
2017-11-24 02:00:00,Panther_education_Rosalie,68.01
2017-11-24 03:00:00,Panther_education_Rosalie,67.01
2017-11-24 04:00:00,Panther_education_Rosalie,67.41
2017-11-24 05:00:00,Panther_education_Rosalie,65.21
2017-11-24 06:00:00,Panther_education_Rosalie,64.81
2017-11-24 07:00:00,Panther_education_Rosalie,58.81
2017-11-24 08:00:00,Panther_education_Rosalie,62.21
2017-11-24 09:00:00,Panther_education_Rosalie,62.61
2017-11-24 10:00:00,Panther_education_Rosalie,62.81
2017-11-24 11:00:00,Panther_education_Rosalie,60.61
2017-11-24 12:00:00,Panther_education_Rosalie,60.01
2017-11-24 13:00:00,Panther_education_Rosalie,63.21
2017-11-24 14:00:00,Panther_education_Rosalie,62.41
2017-11-24 15:00:00,Panther_education_Rosalie,60.61
2017-11-24 16:00:00,Panther_education_Rosalie,60.01
2017-11-24 17:00:00,Panther_education_Rosalie,62.81
2017-11-24 18:00:00,Panther_education_Rosalie,63.01
2017-11-24 19:00:00,Panther_education_Rosalie,61.41
2017-11-24 20:00:00,Panther_education_Rosalie,59.81
2017-11-24 21:00:00,Panther_education_Rosalie,61.41
2017-11-24 22:00:00,Panther_education_Rosalie,53.41
2017-11-24 23:00:00,Panther_education_Rosalie,42.61
2017-11-25 00:00:00,Panther_education_Rosalie,44.41
2017-11-25 01:00:00,Panther_education_Rosalie,45.21
2017-11-25 02:00:00,Panther_education_Rosalie,45.21
2017-11-25 03:00:00,Panther_education_Rosalie,44.01
2017-11-25 04:00:00,Panther_education_Rosalie,41.81
2017-11-25 05:00:00,Panther_education_Rosalie,42.41
2017-11-25 06:00:00,Panther_education_Rosalie,41.61
2017-11-25 07:00:00,Panther_education_Rosalie,40.81
2017-11-25 08:00:00,Panther_education_Rosalie,40.81
2017-11-25 09:00:00,Panther_education_Rosalie,39.61
2017-11-25 10:00:00,Panther_education_Rosalie,51.21
2017-11-25 11:00:00,Panther_education_Rosalie,61.61
2017-11-25 12:00:00,Panther_education_Rosalie,61.61
2017-11-25 13:00:00,Panther_education_Rosalie,61.41
2017-11-25 14:00:00,Panther_education_Rosalie,59.81
2017-11-25 15:00:00,Panther_education_Rosalie,53.01
2017-11-25 16:00:00,Panther_education_Rosalie,58.21
2017-11-25 17:00:00,Panther_education_Rosalie,56.61
2017-11-25 18:00:00,Panther_education_Rosalie,55.41
2017-11-25 19:00:00,Panther_education_Rosalie,42.21
2017-11-25 20:00:00,Panther_education_Rosalie,42.21
2017-11-25 21:00:00,Panther_education_Rosalie,42.81
2017-11-25 22:00:00,Panther_education_Rosalie,43.21
2017-11-25 23:00:00,Panther_education_Rosalie,43.21
2017-11-26 00:00:00,Panther_education_Rosalie,43.61
2017-11-26 01:00:00,Panther_education_Rosalie,45.01
2017-11-26 02:00:00,Panther_education_Rosalie,46.21
2017-11-26 03:00:00,Panther_education_Rosalie,47.21
2017-11-26 04:00:00,Panther_education_Rosalie,46.21
2017-11-26 05:00:00,Panther_education_Rosalie,45.41
2017-11-26 06:00:00,Panther_education_Rosalie,45.61
2017-11-26 07:00:00,Panther_education_Rosalie,44.21
2017-11-26 08:00:00,Panther_education_Rosalie,49.01
2017-11-26 09:00:00,Panther_education_Rosalie,59.61
2017-11-26 10:00:00,Panther_education_Rosalie,59.61
2017-11-26 11:00:00,Panther_education_Rosalie,59.61
2017-11-26 12:00:00,Panther_education_Rosalie,60.61
2017-11-26 13:00:00,Panther_education_Rosalie,54.41
2017-11-26 14:00:00,Panther_education_Rosalie,55.81
2017-11-26 15:00:00,Panther_education_Rosalie,59.01
2017-11-26 16:00:00,Panther_education_Rosalie,54.81
2017-11-26 17:00:00,Panther_education_Rosalie,57.21
2017-11-26 18:00:00,Panther_education_Rosalie,59.61
2017-11-26 19:00:00,Panther_education_Rosalie,46.61
2017-11-26 20:00:00,Panther_education_Rosalie,44.41
2017-11-26 21:00:00,Panther_education_Rosalie,45.61
2017-11-26 22:00:00,Panther_education_Rosalie,45.81
2017-11-26 23:00:00,Panther_education_Rosalie,46.41
2017-11-27 00:00:00,Panther_education_Rosalie,47.01
2017-11-27 01:00:00,Panther_education_Rosalie,47.01
2017-11-27 02:00:00,Panther_education_Rosalie,47.41
2017-11-27 03:00:00,Panther_education_Rosalie,52.21
2017-11-27 04:00:00,Panther_education_Rosalie,51.41
2017-11-27 05:00:00,Panther_education_Rosalie,50.01
2017-11-27 06:00:00,Panther_education_Rosalie,48.41
2017-11-27 07:00:00,Panther_education_Rosalie,49.81
2017-11-27 08:00:00,Panther_education_Rosalie,51.21
2017-11-27 09:00:00,Panther_education_Rosalie,65.41
2017-11-27 10:00:00,Panther_education_Rosalie,64.81
2017-11-27 11:00:00,Panther_education_Rosalie,63.21
2017-11-27 12:00:00,Panther_education_Rosalie,60.01
2017-11-27 13:00:00,Panther_education_Rosalie,62.61
2017-11-27 14:00:00,Panther_education_Rosalie,59.41
2017-11-27 15:00:00,Panther_education_Rosalie,57.81
2017-11-27 16:00:00,Panther_education_Rosalie,59.41
2017-11-27 17:00:00,Panther_education_Rosalie,60.61
2017-11-27 18:00:00,Panther_education_Rosalie,62.21
2017-11-27 19:00:00,Panther_education_Rosalie,60.81
2017-11-27 20:00:00,Panther_education_Rosalie,61.01
2017-11-27 21:00:00,Panther_education_Rosalie,59.61
2017-11-27 22:00:00,Panther_education_Rosalie,40.41
2017-11-27 23:00:00,Panther_education_Rosalie,59.81
2017-11-28 00:00:00,Panther_education_Rosalie,59.61
2017-11-28 01:00:00,Panther_education_Rosalie,59.41
2017-11-28 02:00:00,Panther_education_Rosalie,58.21
2017-11-28 03:00:00,Panther_education_Rosalie,57.21
2017-11-28 04:00:00,Panther_education_Rosalie,57.61
2017-11-28 05:00:00,Panther_education_Rosalie,57.41
2017-11-28 06:00:00,Panther_education_Rosalie,60.01
2017-11-28 07:00:00,Panther_education_Rosalie,60.61
2017-11-28 08:00:00,Panther_education_Rosalie,65.21
2017-11-28 09:00:00,Panther_education_Rosalie,68.81
2017-11-28 10:00:00,Panther_education_Rosalie,77.01
2017-11-28 11:00:00,Panther_education_Rosalie,76.81
2017-11-28 12:00:00,Panther_education_Rosalie,74.61
2017-11-28 13:00:00,Panther_education_Rosalie,73.01
2017-11-28 14:00:00,Panther_education_Rosalie,67.81
2017-11-28 15:00:00,Panther_education_Rosalie,73.01
2017-11-28 16:00:00,Panther_education_Rosalie,72.01
2017-11-28 17:00:00,Panther_education_Rosalie,74.21
2017-11-28 18:00:00,Panther_education_Rosalie,77.61
2017-11-28 19:00:00,Panther_education_Rosalie,67.21
2017-11-28 20:00:00,Panther_education_Rosalie,68.81
2017-11-28 21:00:00,Panther_education_Rosalie,68.61
2017-11-28 22:00:00,Panther_education_Rosalie,67.81
2017-11-28 23:00:00,Panther_education_Rosalie,64.21
2017-11-29 00:00:00,Panther_education_Rosalie,65.01
2017-11-29 01:00:00,Panther_education_Rosalie,62.61
2017-11-29 02:00:00,Panther_education_Rosalie,68.61
2017-11-29 03:00:00,Panther_education_Rosalie,68.21
2017-11-29 04:00:00,Panther_education_Rosalie,70.21
2017-11-29 05:00:00,Panther_education_Rosalie,63.21
2017-11-29 06:00:00,Panther_education_Rosalie,70.61
2017-11-29 07:00:00,Panther_education_Rosalie,69.21
2017-11-29 08:00:00,Panther_education_Rosalie,71.81
2017-11-29 09:00:00,Panther_education_Rosalie,75.41
2017-11-29 10:00:00,Panther_education_Rosalie,72.21
2017-11-29 11:00:00,Panther_education_Rosalie,74.21
2017-11-29 12:00:00,Panther_education_Rosalie,74.61
2017-11-29 13:00:00,Panther_education_Rosalie,71.41
2017-11-29 14:00:00,Panther_education_Rosalie,73.21
2017-11-29 15:00:00,Panther_education_Rosalie,74.21
2017-11-29 16:00:00,Panther_education_Rosalie,75.61
2017-11-29 17:00:00,Panther_education_Rosalie,64.41
2017-11-29 18:00:00,Panther_education_Rosalie,62.81
2017-11-29 19:00:00,Panther_education_Rosalie,61.81
2017-11-29 20:00:00,Panther_education_Rosalie,65.81
2017-11-29 21:00:00,Panther_education_Rosalie,66.21
2017-11-29 22:00:00,Panther_education_Rosalie,64.41
2017-11-29 23:00:00,Panther_education_Rosalie,69.61
2017-11-30 00:00:00,Panther_education_Rosalie,69.01
2017-11-30 01:00:00,Panther_education_Rosalie,66.41
2017-11-30 02:00:00,Panther_education_Rosalie,71.21
2017-11-30 03:00:00,Panther_education_Rosalie,69.21
2017-11-30 04:00:00,Panther_education_Rosalie,63.41
2017-11-30 05:00:00,Panther_education_Rosalie,61.21
2017-11-30 06:00:00,Panther_education_Rosalie,63.81
2017-11-30 07:00:00,Panther_education_Rosalie,62.01
2017-11-30 08:00:00,Panther_education_Rosalie,66.01
2017-11-30 09:00:00,Panther_education_Rosalie,74.41
2017-11-30 10:00:00,Panther_education_Rosalie,76.01
2017-11-30 11:00:00,Panther_education_Rosalie,72.21
2017-11-30 12:00:00,Panther_education_Rosalie,70.61
2017-11-30 13:00:00,Panther_education_Rosalie,73.41
2017-11-30 14:00:00,Panther_education_Rosalie,70.01
2017-11-30 15:00:00,Panther_education_Rosalie,69.61
2017-11-30 16:00:00,Panther_education_Rosalie,61.61
2017-11-30 17:00:00,Panther_education_Rosalie,59.61
2017-11-30 18:00:00,Panther_education_Rosalie,60.41
2017-11-30 19:00:00,Panther_education_Rosalie,60.01
2017-11-30 20:00:00,Panther_education_Rosalie,62.61
2017-11-30 21:00:00,Panther_education_Rosalie,61.01
2017-11-30 22:00:00,Panther_education_Rosalie,61.61
2017-11-30 23:00:00,Panther_education_Rosalie,63.61
2017-12-01 00:00:00,Panther_education_Rosalie,63.01
2017-12-01 01:00:00,Panther_education_Rosalie,63.21
2017-12-01 02:00:00,Panther_education_Rosalie,62.61
2017-12-01 03:00:00,Panther_education_Rosalie,63.41
2017-12-01 04:00:00,Panther_education_Rosalie,65.01
2017-12-01 05:00:00,Panther_education_Rosalie,65.21
2017-12-01 06:00:00,Panther_education_Rosalie,61.61
2017-12-01 07:00:00,Panther_education_Rosalie,44.01
2017-12-01 08:00:00,Panther_education_Rosalie,62.21
2017-12-01 09:00:00,Panther_education_Rosalie,65.81
2017-12-01 10:00:00,Panther_education_Rosalie,76.61
2017-12-01 11:00:00,Panther_education_Rosalie,76.41
2017-12-01 12:00:00,Panther_education_Rosalie,71.61
2017-12-01 13:00:00,Panther_education_Rosalie,64.21
2017-12-01 14:00:00,Panther_education_Rosalie,63.41
2017-12-01 15:00:00,Panther_education_Rosalie,60.21
2017-12-01 16:00:00,Panther_education_Rosalie,60.01
2017-12-01 17:00:00,Panther_education_Rosalie,61.21
2017-12-01 18:00:00,Panther_education_Rosalie,61.01
2017-12-01 19:00:00,Panther_education_Rosalie,60.61
2017-12-01 20:00:00,Panther_education_Rosalie,61.81
2017-12-01 21:00:00,Panther_education_Rosalie,62.21
2017-12-01 22:00:00,Panther_education_Rosalie,60.01
2017-12-01 23:00:00,Panther_education_Rosalie,62.41
2017-12-02 00:00:00,Panther_education_Rosalie,64.21
2017-12-02 01:00:00,Panther_education_Rosalie,62.81
2017-12-02 02:00:00,Panther_education_Rosalie,59.61
2017-12-02 03:00:00,Panther_education_Rosalie,62.21
2017-12-02 04:00:00,Panther_education_Rosalie,62.01
2017-12-02 05:00:00,Panther_education_Rosalie,60.81
2017-12-02 06:00:00,Panther_education_Rosalie,60.01
2017-12-02 07:00:00,Panther_education_Rosalie,59.21
2017-12-02 08:00:00,Panther_education_Rosalie,64.61
2017-12-02 09:00:00,Panther_education_Rosalie,68.61
2017-12-02 10:00:00,Panther_education_Rosalie,73.81
2017-12-02 11:00:00,Panther_education_Rosalie,71.41
2017-12-02 12:00:00,Panther_education_Rosalie,67.81
2017-12-02 13:00:00,Panther_education_Rosalie,62.21
2017-12-02 14:00:00,Panther_education_Rosalie,62.21
2017-12-02 15:00:00,Panther_education_Rosalie,65.61
2017-12-02 16:00:00,Panther_education_Rosalie,69.41
2017-12-02 17:00:00,Panther_education_Rosalie,66.81
2017-12-02 18:00:00,Panther_education_Rosalie,62.61
2017-12-02 19:00:00,Panther_education_Rosalie,60.41
2017-12-02 20:00:00,Panther_education_Rosalie,60.81
2017-12-02 21:00:00,Panther_education_Rosalie,61.21
2017-12-02 22:00:00,Panther_education_Rosalie,59.61
2017-12-02 23:00:00,Panther_education_Rosalie,64.01
2017-12-03 00:00:00,Panther_education_Rosalie,63.81
2017-12-03 01:00:00,Panther_education_Rosalie,61.21
2017-12-03 02:00:00,Panther_education_Rosalie,63.61
2017-12-03 03:00:00,Panther_education_Rosalie,65.61
2017-12-03 04:00:00,Panther_education_Rosalie,65.41
2017-12-03 05:00:00,Panther_education_Rosalie,64.21
2017-12-03 06:00:00,Panther_education_Rosalie,63.81
2017-12-03 07:00:00,Panther_education_Rosalie,63.21
2017-12-03 08:00:00,Panther_education_Rosalie,63.21
2017-12-03 09:00:00,Panther_education_Rosalie,65.41
2017-12-03 10:00:00,Panther_education_Rosalie,63.41
2017-12-03 11:00:00,Panther_education_Rosalie,64.41
2017-12-03 12:00:00,Panther_education_Rosalie,62.81
2017-12-03 13:00:00,Panther_education_Rosalie,65.01
2017-12-03 14:00:00,Panther_education_Rosalie,59.21
2017-12-03 15:00:00,Panther_education_Rosalie,60.41
2017-12-03 16:00:00,Panther_education_Rosalie,61.01
2017-12-03 17:00:00,Panther_education_Rosalie,61.01
2017-12-03 18:00:00,Panther_education_Rosalie,64.81
2017-12-03 19:00:00,Panther_education_Rosalie,61.01
2017-12-03 20:00:00,Panther_education_Rosalie,63.61
2017-12-03 21:00:00,Panther_education_Rosalie,63.61
2017-12-03 22:00:00,Panther_education_Rosalie,63.81
2017-12-03 23:00:00,Panther_education_Rosalie,59.21
2017-12-04 00:00:00,Panther_education_Rosalie,60.61
2017-12-04 01:00:00,Panther_education_Rosalie,63.01
2017-12-04 02:00:00,Panther_education_Rosalie,63.21
2017-12-04 03:00:00,Panther_education_Rosalie,61.01
2017-12-04 04:00:00,Panther_education_Rosalie,64.21
2017-12-04 05:00:00,Panther_education_Rosalie,64.21
2017-12-04 06:00:00,Panther_education_Rosalie,63.81
2017-12-04 07:00:00,Panther_education_Rosalie,62.61
2017-12-04 08:00:00,Panther_education_Rosalie,61.21
2017-12-04 09:00:00,Panther_education_Rosalie,70.41
2017-12-04 10:00:00,Panther_education_Rosalie,76.01
2017-12-04 11:00:00,Panther_education_Rosalie,71.41
2017-12-04 12:00:00,Panther_education_Rosalie,72.21
2017-12-04 13:00:00,Panther_education_Rosalie,68.41
2017-12-04 14:00:00,Panther_education_Rosalie,66.21
2017-12-04 15:00:00,Panther_education_Rosalie,65.21
2017-12-04 16:00:00,Panther_education_Rosalie,65.61
2017-12-04 17:00:00,Panther_education_Rosalie,63.81
2017-12-04 18:00:00,Panther_education_Rosalie,67.61
2017-12-04 19:00:00,Panther_education_Rosalie,68.21
2017-12-04 20:00:00,Panther_education_Rosalie,66.41
2017-12-04 21:00:00,Panther_education_Rosalie,64.21
2017-12-04 22:00:00,Panther_education_Rosalie,66.61
2017-12-04 23:00:00,Panther_education_Rosalie,66.41
2017-12-05 00:00:00,Panther_education_Rosalie,64.41
2017-12-05 01:00:00,Panther_education_Rosalie,67.21
2017-12-05 02:00:00,Panther_education_Rosalie,68.01
2017-12-05 03:00:00,Panther_education_Rosalie,68.61
2017-12-05 04:00:00,Panther_education_Rosalie,67.01
2017-12-05 05:00:00,Panther_education_Rosalie,66.81
2017-12-05 06:00:00,Panther_education_Rosalie,67.81
2017-12-05 07:00:00,Panther_education_Rosalie,67.41
2017-12-05 08:00:00,Panther_education_Rosalie,71.61
2017-12-05 09:00:00,Panther_education_Rosalie,75.21
2017-12-05 10:00:00,Panther_education_Rosalie,78.22
2017-12-05 11:00:00,Panther_education_Rosalie,78.02
2017-12-05 12:00:00,Panther_education_Rosalie,78.22
2017-12-05 13:00:00,Panther_education_Rosalie,73.21
2017-12-05 14:00:00,Panther_education_Rosalie,71.41
2017-12-05 15:00:00,Panther_education_Rosalie,74.21
2017-12-05 16:00:00,Panther_education_Rosalie,74.41
2017-12-05 17:00:00,Panther_education_Rosalie,72.21
2017-12-05 18:00:00,Panther_education_Rosalie,64.61
2017-12-05 19:00:00,Panther_education_Rosalie,66.41
2017-12-05 20:00:00,Panther_education_Rosalie,65.61
2017-12-05 21:00:00,Panther_education_Rosalie,65.01
2017-12-05 22:00:00,Panther_education_Rosalie,68.81
2017-12-05 23:00:00,Panther_education_Rosalie,69.81
2017-12-06 00:00:00,Panther_education_Rosalie,67.41
2017-12-06 01:00:00,Panther_education_Rosalie,69.01
2017-12-06 02:00:00,Panther_education_Rosalie,66.61
2017-12-06 03:00:00,Panther_education_Rosalie,61.61
2017-12-06 04:00:00,Panther_education_Rosalie,60.41
2017-12-06 05:00:00,Panther_education_Rosalie,62.81
2017-12-06 06:00:00,Panther_education_Rosalie,63.41
2017-12-06 07:00:00,Panther_education_Rosalie,62.01
2017-12-06 08:00:00,Panther_education_Rosalie,66.81
2017-12-06 09:00:00,Panther_education_Rosalie,76.21
2017-12-06 10:00:00,Panther_education_Rosalie,72.61
2017-12-06 11:00:00,Panther_education_Rosalie,71.41
2017-12-06 12:00:00,Panther_education_Rosalie,70.61
2017-12-06 13:00:00,Panther_education_Rosalie,70.81
2017-12-06 14:00:00,Panther_education_Rosalie,69.41
2017-12-06 15:00:00,Panther_education_Rosalie,73.61
2017-12-06 16:00:00,Panther_education_Rosalie,73.21
2017-12-06 17:00:00,Panther_education_Rosalie,69.61
2017-12-06 18:00:00,Panther_education_Rosalie,63.41
2017-12-06 19:00:00,Panther_education_Rosalie,61.61
2017-12-06 20:00:00,Panther_education_Rosalie,64.01
2017-12-06 21:00:00,Panther_education_Rosalie,60.81
2017-12-06 22:00:00,Panther_education_Rosalie,57.81
2017-12-06 23:00:00,Panther_education_Rosalie,61.81
2017-12-07 00:00:00,Panther_education_Rosalie,62.61
2017-12-07 01:00:00,Panther_education_Rosalie,59.61
2017-12-07 02:00:00,Panther_education_Rosalie,61.81
2017-12-07 03:00:00,Panther_education_Rosalie,61.81
2017-12-07 04:00:00,Panther_education_Rosalie,59.61
2017-12-07 05:00:00,Panther_education_Rosalie,60.01
2017-12-07 06:00:00,Panther_education_Rosalie,62.01
2017-12-07 07:00:00,Panther_education_Rosalie,60.21
2017-12-07 08:00:00,Panther_education_Rosalie,60.01
2017-12-07 09:00:00,Panther_education_Rosalie,63.01
2017-12-07 10:00:00,Panther_education_Rosalie,67.21
2017-12-07 11:00:00,Panther_education_Rosalie,65.61
2017-12-07 12:00:00,Panther_education_Rosalie,65.41
2017-12-07 13:00:00,Panther_education_Rosalie,62.21
2017-12-07 14:00:00,Panther_education_Rosalie,63.61
2017-12-07 15:00:00,Panther_education_Rosalie,64.81
2017-12-07 16:00:00,Panther_education_Rosalie,65.01
2017-12-07 17:00:00,Panther_education_Rosalie,69.61
2017-12-07 18:00:00,Panther_education_Rosalie,70.41
2017-12-07 19:00:00,Panther_education_Rosalie,70.61
2017-12-07 20:00:00,Panther_education_Rosalie,73.61
2017-12-07 21:00:00,Panther_education_Rosalie,70.61
2017-12-07 22:00:00,Panther_education_Rosalie,68.81
2017-12-07 23:00:00,Panther_education_Rosalie,67.81
2017-12-08 00:00:00,Panther_education_Rosalie,66.81
2017-12-08 01:00:00,Panther_education_Rosalie,65.21
2017-12-08 02:00:00,Panther_education_Rosalie,65.21
2017-12-08 03:00:00,Panther_education_Rosalie,63.41
2017-12-08 04:00:00,Panther_education_Rosalie,65.01
2017-12-08 05:00:00,Panther_education_Rosalie,51.61
2017-12-08 06:00:00,Panther_education_Rosalie,40.61
2017-12-08 07:00:00,Panther_education_Rosalie,65.21
2017-12-08 08:00:00,Panther_education_Rosalie,64.81
2017-12-08 09:00:00,Panther_education_Rosalie,64.41
2017-12-08 10:00:00,Panther_education_Rosalie,70.01
2017-12-08 11:00:00,Panther_education_Rosalie,80.02
2017-12-08 12:00:00,Panther_education_Rosalie,76.01
2017-12-08 13:00:00,Panther_education_Rosalie,74.41
2017-12-08 14:00:00,Panther_education_Rosalie,72.81
2017-12-08 15:00:00,Panther_education_Rosalie,73.61
2017-12-08 16:00:00,Panther_education_Rosalie,73.41
2017-12-08 17:00:00,Panther_education_Rosalie,78.02
2017-12-08 18:00:00,Panther_education_Rosalie,75.21
2017-12-08 19:00:00,Panther_education_Rosalie,77.61
2017-12-08 20:00:00,Panther_education_Rosalie,73.81
2017-12-08 21:00:00,Panther_education_Rosalie,75.41
2017-12-08 22:00:00,Panther_education_Rosalie,75.21
2017-12-08 23:00:00,Panther_education_Rosalie,72.41
2017-12-09 00:00:00,Panther_education_Rosalie,76.61
2017-12-09 01:00:00,Panther_education_Rosalie,72.01
2017-12-09 02:00:00,Panther_education_Rosalie,73.61
2017-12-09 03:00:00,Panther_education_Rosalie,75.21
2017-12-09 04:00:00,Panther_education_Rosalie,61.41
2017-12-09 05:00:00,Panther_education_Rosalie,62.01
2017-12-09 06:00:00,Panther_education_Rosalie,57.61
2017-12-09 07:00:00,Panther_education_Rosalie,42.41
2017-12-09 08:00:00,Panther_education_Rosalie,45.41
2017-12-09 09:00:00,Panther_education_Rosalie,45.61
2017-12-09 10:00:00,Panther_education_Rosalie,45.61
2017-12-09 11:00:00,Panther_education_Rosalie,45.41
2017-12-09 12:00:00,Panther_education_Rosalie,43.81
2017-12-09 13:00:00,Panther_education_Rosalie,40.61
2017-12-09 14:00:00,Panther_education_Rosalie,41.41
2017-12-09 15:00:00,Panther_education_Rosalie,45.01
2017-12-09 16:00:00,Panther_education_Rosalie,45.81
2017-12-09 17:00:00,Panther_education_Rosalie,45.61
2017-12-09 18:00:00,Panther_education_Rosalie,51.01
2017-12-09 19:00:00,Panther_education_Rosalie,54.21
2017-12-09 20:00:00,Panther_education_Rosalie,56.01
2017-12-09 21:00:00,Panther_education_Rosalie,58.21
2017-12-09 22:00:00,Panther_education_Rosalie,60.61
2017-12-09 23:00:00,Panther_education_Rosalie,62.61
2017-12-10 00:00:00,Panther_education_Rosalie,64.41
2017-12-10 01:00:00,Panther_education_Rosalie,65.81
2017-12-10 02:00:00,Panther_education_Rosalie,67.01
2017-12-10 03:00:00,Panther_education_Rosalie,67.81
2017-12-10 04:00:00,Panther_education_Rosalie,68.21
2017-12-10 05:00:00,Panther_education_Rosalie,69.41
2017-12-10 06:00:00,Panther_education_Rosalie,69.81
2017-12-10 07:00:00,Panther_education_Rosalie,69.21
2017-12-10 08:00:00,Panther_education_Rosalie,63.81
2017-12-10 09:00:00,Panther_education_Rosalie,57.81
2017-12-10 10:00:00,Panther_education_Rosalie,52.01
2017-12-10 11:00:00,Panther_education_Rosalie,49.21
2017-12-10 12:00:00,Panther_education_Rosalie,45.81
2017-12-10 13:00:00,Panther_education_Rosalie,49.21
2017-12-10 14:00:00,Panther_education_Rosalie,56.01
2017-12-10 15:00:00,Panther_education_Rosalie,56.01
2017-12-10 16:00:00,Panther_education_Rosalie,49.21
2017-12-10 17:00:00,Panther_education_Rosalie,45.81
2017-12-10 18:00:00,Panther_education_Rosalie,56.61
2017-12-10 19:00:00,Panther_education_Rosalie,63.21
2017-12-10 20:00:00,Panther_education_Rosalie,66.81
2017-12-10 21:00:00,Panther_education_Rosalie,69.21
2017-12-10 22:00:00,Panther_education_Rosalie,70.01
2017-12-10 23:00:00,Panther_education_Rosalie,71.01
2017-12-11 00:00:00,Panther_education_Rosalie,72.21
2017-12-11 01:00:00,Panther_education_Rosalie,72.81
2017-12-11 02:00:00,Panther_education_Rosalie,73.41
2017-12-11 03:00:00,Panther_education_Rosalie,74.01
2017-12-11 04:00:00,Panther_education_Rosalie,71.61
2017-12-11 05:00:00,Panther_education_Rosalie,72.21
2017-12-11 06:00:00,Panther_education_Rosalie,74.01
2017-12-11 07:00:00,Panther_education_Rosalie,75.01
2017-12-11 08:00:00,Panther_education_Rosalie,67.21
2017-12-11 09:00:00,Panther_education_Rosalie,55.41
2017-12-11 10:00:00,Panther_education_Rosalie,52.01
2017-12-11 11:00:00,Panther_education_Rosalie,61.61
2017-12-11 12:00:00,Panther_education_Rosalie,69.81
2017-12-11 13:00:00,Panther_education_Rosalie,66.41
2017-12-11 14:00:00,Panther_education_Rosalie,64.61
2017-12-11 15:00:00,Panther_education_Rosalie,62.41
2017-12-11 16:00:00,Panther_education_Rosalie,61.81
2017-12-11 17:00:00,Panther_education_Rosalie,54.61
2017-12-11 18:00:00,Panther_education_Rosalie,57.81
2017-12-11 19:00:00,Panther_education_Rosalie,62.81
2017-12-11 20:00:00,Panther_education_Rosalie,64.61
2017-12-11 21:00:00,Panther_education_Rosalie,65.81
2017-12-11 22:00:00,Panther_education_Rosalie,68.21
2017-12-11 23:00:00,Panther_education_Rosalie,69.21
2017-12-12 00:00:00,Panther_education_Rosalie,68.21
2017-12-12 01:00:00,Panther_education_Rosalie,68.81
2017-12-12 02:00:00,Panther_education_Rosalie,69.01
2017-12-12 03:00:00,Panther_education_Rosalie,69.61
2017-12-12 04:00:00,Panther_education_Rosalie,69.21
2017-12-12 05:00:00,Panther_education_Rosalie,65.81
2017-12-12 06:00:00,Panther_education_Rosalie,62.21
2017-12-12 07:00:00,Panther_education_Rosalie,61.41
2017-12-12 08:00:00,Panther_education_Rosalie,53.41
2017-12-12 09:00:00,Panther_education_Rosalie,54.01
2017-12-12 10:00:00,Panther_education_Rosalie,68.01
2017-12-12 11:00:00,Panther_education_Rosalie,70.41
2017-12-12 12:00:00,Panther_education_Rosalie,69.01
2017-12-12 13:00:00,Panther_education_Rosalie,69.21
2017-12-12 14:00:00,Panther_education_Rosalie,68.21
2017-12-12 15:00:00,Panther_education_Rosalie,69.41
2017-12-12 16:00:00,Panther_education_Rosalie,70.41
2017-12-12 17:00:00,Panther_education_Rosalie,68.01
2017-12-12 18:00:00,Panther_education_Rosalie,67.21
2017-12-12 19:00:00,Panther_education_Rosalie,66.41
2017-12-12 20:00:00,Panther_education_Rosalie,65.21
2017-12-12 21:00:00,Panther_education_Rosalie,63.81
2017-12-12 22:00:00,Panther_education_Rosalie,48.81
2017-12-12 23:00:00,Panther_education_Rosalie,49.21
2017-12-13 00:00:00,Panther_education_Rosalie,52.01
2017-12-13 01:00:00,Panther_education_Rosalie,55.01
2017-12-13 02:00:00,Panther_education_Rosalie,57.61
2017-12-13 03:00:00,Panther_education_Rosalie,59.61
2017-12-13 04:00:00,Panther_education_Rosalie,61.81
2017-12-13 05:00:00,Panther_education_Rosalie,63.41
2017-12-13 06:00:00,Panther_education_Rosalie,64.81
2017-12-13 07:00:00,Panther_education_Rosalie,65.21
2017-12-13 08:00:00,Panther_education_Rosalie,60.01
2017-12-13 09:00:00,Panther_education_Rosalie,53.01
2017-12-13 10:00:00,Panther_education_Rosalie,51.81
2017-12-13 11:00:00,Panther_education_Rosalie,58.81
2017-12-13 12:00:00,Panther_education_Rosalie,65.81
2017-12-13 13:00:00,Panther_education_Rosalie,64.21
2017-12-13 14:00:00,Panther_education_Rosalie,62.61
2017-12-13 15:00:00,Panther_education_Rosalie,60.01
2017-12-13 16:00:00,Panther_education_Rosalie,63.21
2017-12-13 17:00:00,Panther_education_Rosalie,55.81
2017-12-13 18:00:00,Panther_education_Rosalie,54.81
2017-12-13 19:00:00,Panther_education_Rosalie,61.01
2017-12-13 20:00:00,Panther_education_Rosalie,58.81
2017-12-13 21:00:00,Panther_education_Rosalie,60.01
2017-12-13 22:00:00,Panther_education_Rosalie,58.21
2017-12-13 23:00:00,Panther_education_Rosalie,64.21
2017-12-14 00:00:00,Panther_education_Rosalie,67.21
2017-12-14 01:00:00,Panther_education_Rosalie,69.41
2017-12-14 02:00:00,Panther_education_Rosalie,70.41
2017-12-14 03:00:00,Panther_education_Rosalie,71.41
2017-12-14 04:00:00,Panther_education_Rosalie,71.61
2017-12-14 05:00:00,Panther_education_Rosalie,70.61
2017-12-14 06:00:00,Panther_education_Rosalie,70.41
2017-12-14 07:00:00,Panther_education_Rosalie,67.61
2017-12-14 08:00:00,Panther_education_Rosalie,57.01
2017-12-14 09:00:00,Panther_education_Rosalie,57.01
2017-12-14 10:00:00,Panther_education_Rosalie,70.41
2017-12-14 11:00:00,Panther_education_Rosalie,68.21
2017-12-14 12:00:00,Panther_education_Rosalie,68.61
2017-12-14 13:00:00,Panther_education_Rosalie,65.61
2017-12-14 14:00:00,Panther_education_Rosalie,66.61
2017-12-14 15:00:00,Panther_education_Rosalie,67.41
2017-12-14 16:00:00,Panther_education_Rosalie,68.21
2017-12-14 17:00:00,Panther_education_Rosalie,63.01
2017-12-14 18:00:00,Panther_education_Rosalie,61.01
2017-12-14 19:00:00,Panther_education_Rosalie,61.81
2017-12-14 20:00:00,Panther_education_Rosalie,55.21
2017-12-14 21:00:00,Panther_education_Rosalie,45.01
2017-12-14 22:00:00,Panther_education_Rosalie,44.41
2017-12-14 23:00:00,Panther_education_Rosalie,61.81
2017-12-15 00:00:00,Panther_education_Rosalie,62.81
2017-12-15 01:00:00,Panther_education_Rosalie,63.01
2017-12-15 02:00:00,Panther_education_Rosalie,63.21
2017-12-15 03:00:00,Panther_education_Rosalie,63.61
2017-12-15 04:00:00,Panther_education_Rosalie,64.81
2017-12-15 05:00:00,Panther_education_Rosalie,65.41
2017-12-15 06:00:00,Panther_education_Rosalie,65.41
2017-12-15 07:00:00,Panther_education_Rosalie,65.81
2017-12-15 08:00:00,Panther_education_Rosalie,64.01
2017-12-15 09:00:00,Panther_education_Rosalie,66.01
2017-12-15 10:00:00,Panther_education_Rosalie,68.21
2017-12-15 11:00:00,Panther_education_Rosalie,66.61
2017-12-15 12:00:00,Panther_education_Rosalie,65.41
2017-12-15 13:00:00,Panther_education_Rosalie,66.01
2017-12-15 14:00:00,Panther_education_Rosalie,66.41
2017-12-15 15:00:00,Panther_education_Rosalie,64.21
2017-12-15 16:00:00,Panther_education_Rosalie,67.21
2017-12-15 17:00:00,Panther_education_Rosalie,67.21
2017-12-15 18:00:00,Panther_education_Rosalie,63.61
2017-12-15 19:00:00,Panther_education_Rosalie,65.01
2017-12-15 20:00:00,Panther_education_Rosalie,63.01
2017-12-15 21:00:00,Panther_education_Rosalie,46.81
2017-12-15 22:00:00,Panther_education_Rosalie,46.01
2017-12-15 23:00:00,Panther_education_Rosalie,48.41
2017-12-16 00:00:00,Panther_education_Rosalie,48.81
2017-12-16 01:00:00,Panther_education_Rosalie,49.61
2017-12-16 02:00:00,Panther_education_Rosalie,48.01
2017-12-16 03:00:00,Panther_education_Rosalie,47.61
2017-12-16 04:00:00,Panther_education_Rosalie,46.41
2017-12-16 05:00:00,Panther_education_Rosalie,47.41
2017-12-16 06:00:00,Panther_education_Rosalie,49.61
2017-12-16 07:00:00,Panther_education_Rosalie,49.61
2017-12-16 08:00:00,Panther_education_Rosalie,49.81
2017-12-16 09:00:00,Panther_education_Rosalie,62.81
2017-12-16 10:00:00,Panther_education_Rosalie,65.21
2017-12-16 11:00:00,Panther_education_Rosalie,67.81
2017-12-16 12:00:00,Panther_education_Rosalie,65.01
2017-12-16 13:00:00,Panther_education_Rosalie,62.61
2017-12-16 14:00:00,Panther_education_Rosalie,63.61
2017-12-16 15:00:00,Panther_education_Rosalie,63.81
2017-12-16 16:00:00,Panther_education_Rosalie,65.21
2017-12-16 17:00:00,Panther_education_Rosalie,60.81
2017-12-16 18:00:00,Panther_education_Rosalie,61.01
2017-12-16 19:00:00,Panther_education_Rosalie,64.41
2017-12-16 20:00:00,Panther_education_Rosalie,55.61
2017-12-16 21:00:00,Panther_education_Rosalie,45.61
2017-12-16 22:00:00,Panther_education_Rosalie,47.61
2017-12-16 23:00:00,Panther_education_Rosalie,48.41
2017-12-17 00:00:00,Panther_education_Rosalie,49.01
2017-12-17 01:00:00,Panther_education_Rosalie,49.81
2017-12-17 02:00:00,Panther_education_Rosalie,50.01
2017-12-17 03:00:00,Panther_education_Rosalie,49.41
2017-12-17 04:00:00,Panther_education_Rosalie,51.61
2017-12-17 05:00:00,Panther_education_Rosalie,52.61
2017-12-17 06:00:00,Panther_education_Rosalie,52.41
2017-12-17 07:00:00,Panther_education_Rosalie,52.41
2017-12-17 08:00:00,Panther_education_Rosalie,50.61
2017-12-17 09:00:00,Panther_education_Rosalie,64.81
2017-12-17 10:00:00,Panther_education_Rosalie,68.41
2017-12-17 11:00:00,Panther_education_Rosalie,69.61
2017-12-17 12:00:00,Panther_education_Rosalie,64.41
2017-12-17 13:00:00,Panther_education_Rosalie,64.61
2017-12-17 14:00:00,Panther_education_Rosalie,71.01
2017-12-17 15:00:00,Panther_education_Rosalie,70.21
2017-12-17 16:00:00,Panther_education_Rosalie,67.01
2017-12-17 17:00:00,Panther_education_Rosalie,66.01
2017-12-17 18:00:00,Panther_education_Rosalie,60.21
2017-12-17 19:00:00,Panther_education_Rosalie,59.41
2017-12-17 20:00:00,Panther_education_Rosalie,61.01
2017-12-17 21:00:00,Panther_education_Rosalie,63.21
2017-12-17 22:00:00,Panther_education_Rosalie,63.41
2017-12-17 23:00:00,Panther_education_Rosalie,61.61
2017-12-18 00:00:00,Panther_education_Rosalie,64.61
2017-12-18 01:00:00,Panther_education_Rosalie,65.01
2017-12-18 02:00:00,Panther_education_Rosalie,63.81
2017-12-18 03:00:00,Panther_education_Rosalie,61.81
2017-12-18 04:00:00,Panther_education_Rosalie,63.81
2017-12-18 05:00:00,Panther_education_Rosalie,65.21
2017-12-18 06:00:00,Panther_education_Rosalie,65.21
2017-12-18 07:00:00,Panther_education_Rosalie,64.41
2017-12-18 08:00:00,Panther_education_Rosalie,70.81
2017-12-18 09:00:00,Panther_education_Rosalie,75.61
2017-12-18 10:00:00,Panther_education_Rosalie,77.41
2017-12-18 11:00:00,Panther_education_Rosalie,76.41
2017-12-18 12:00:00,Panther_education_Rosalie,75.61
2017-12-18 13:00:00,Panther_education_Rosalie,74.01
2017-12-18 14:00:00,Panther_education_Rosalie,70.81
2017-12-18 15:00:00,Panther_education_Rosalie,74.61
2017-12-18 16:00:00,Panther_education_Rosalie,74.41
2017-12-18 17:00:00,Panther_education_Rosalie,64.81
2017-12-18 18:00:00,Panther_education_Rosalie,64.41
2017-12-18 19:00:00,Panther_education_Rosalie,60.21
2017-12-18 20:00:00,Panther_education_Rosalie,66.01
2017-12-18 21:00:00,Panther_education_Rosalie,65.01
2017-12-18 22:00:00,Panther_education_Rosalie,61.81
2017-12-18 23:00:00,Panther_education_Rosalie,59.61
2017-12-19 00:00:00,Panther_education_Rosalie,65.81
2017-12-19 01:00:00,Panther_education_Rosalie,60.81
2017-12-19 02:00:00,Panther_education_Rosalie,59.21
2017-12-19 03:00:00,Panther_education_Rosalie,59.41
2017-12-19 04:00:00,Panther_education_Rosalie,60.21
2017-12-19 05:00:00,Panther_education_Rosalie,61.01
2017-12-19 06:00:00,Panther_education_Rosalie,61.41
2017-12-19 07:00:00,Panther_education_Rosalie,60.61
2017-12-19 08:00:00,Panther_education_Rosalie,61.81
2017-12-19 09:00:00,Panther_education_Rosalie,71.81
2017-12-19 10:00:00,Panther_education_Rosalie,75.41
2017-12-19 11:00:00,Panther_education_Rosalie,71.61
2017-12-19 12:00:00,Panther_education_Rosalie,71.21
2017-12-19 13:00:00,Panther_education_Rosalie,71.01
2017-12-19 14:00:00,Panther_education_Rosalie,70.41
2017-12-19 15:00:00,Panther_education_Rosalie,68.81
2017-12-19 16:00:00,Panther_education_Rosalie,68.01
2017-12-19 17:00:00,Panther_education_Rosalie,72.01
2017-12-19 18:00:00,Panther_education_Rosalie,63.81
2017-12-19 19:00:00,Panther_education_Rosalie,62.21
2017-12-19 20:00:00,Panther_education_Rosalie,63.81
2017-12-19 21:00:00,Panther_education_Rosalie,65.41
2017-12-19 22:00:00,Panther_education_Rosalie,65.61
2017-12-19 23:00:00,Panther_education_Rosalie,65.41
2017-12-20 00:00:00,Panther_education_Rosalie,62.21
2017-12-20 01:00:00,Panther_education_Rosalie,61.61
2017-12-20 02:00:00,Panther_education_Rosalie,60.81
2017-12-20 03:00:00,Panther_education_Rosalie,60.41
2017-12-20 04:00:00,Panther_education_Rosalie,60.21
2017-12-20 05:00:00,Panther_education_Rosalie,61.01
2017-12-20 06:00:00,Panther_education_Rosalie,62.41
2017-12-20 07:00:00,Panther_education_Rosalie,63.41
2017-12-20 08:00:00,Panther_education_Rosalie,68.41
2017-12-20 09:00:00,Panther_education_Rosalie,69.01
2017-12-20 10:00:00,Panther_education_Rosalie,71.21
2017-12-20 11:00:00,Panther_education_Rosalie,77.01
2017-12-20 12:00:00,Panther_education_Rosalie,72.01
2017-12-20 13:00:00,Panther_education_Rosalie,67.01
2017-12-20 14:00:00,Panther_education_Rosalie,67.61
2017-12-20 15:00:00,Panther_education_Rosalie,73.81
2017-12-20 16:00:00,Panther_education_Rosalie,63.01
2017-12-20 17:00:00,Panther_education_Rosalie,61.01
2017-12-20 18:00:00,Panther_education_Rosalie,61.61
2017-12-20 19:00:00,Panther_education_Rosalie,63.61
2017-12-20 20:00:00,Panther_education_Rosalie,65.41
2017-12-20 21:00:00,Panther_education_Rosalie,62.61
2017-12-20 22:00:00,Panther_education_Rosalie,65.21
2017-12-20 23:00:00,Panther_education_Rosalie,61.61
2017-12-21 00:00:00,Panther_education_Rosalie,62.61
2017-12-21 01:00:00,Panther_education_Rosalie,68.61
2017-12-21 02:00:00,Panther_education_Rosalie,67.21
2017-12-21 03:00:00,Panther_education_Rosalie,67.41
2017-12-21 04:00:00,Panther_education_Rosalie,66.21
2017-12-21 05:00:00,Panther_education_Rosalie,67.41
2017-12-21 06:00:00,Panther_education_Rosalie,68.61
2017-12-21 07:00:00,Panther_education_Rosalie,69.61
2017-12-21 08:00:00,Panther_education_Rosalie,74.41
2017-12-21 09:00:00,Panther_education_Rosalie,77.82
2017-12-21 10:00:00,Panther_education_Rosalie,77.21
2017-12-21 11:00:00,Panther_education_Rosalie,76.41
2017-12-21 12:00:00,Panther_education_Rosalie,75.21
2017-12-21 13:00:00,Panther_education_Rosalie,74.41
2017-12-21 14:00:00,Panther_education_Rosalie,72.81
2017-12-21 15:00:00,Panther_education_Rosalie,71.81
2017-12-21 16:00:00,Panther_education_Rosalie,69.81
2017-12-21 17:00:00,Panther_education_Rosalie,63.21
2017-12-21 18:00:00,Panther_education_Rosalie,60.81
2017-12-21 19:00:00,Panther_education_Rosalie,60.21
2017-12-21 20:00:00,Panther_education_Rosalie,57.41
2017-12-21 21:00:00,Panther_education_Rosalie,59.21
2017-12-21 22:00:00,Panther_education_Rosalie,59.61
2017-12-21 23:00:00,Panther_education_Rosalie,60.41
2017-12-22 00:00:00,Panther_education_Rosalie,60.81
2017-12-22 01:00:00,Panther_education_Rosalie,60.01
2017-12-22 02:00:00,Panther_education_Rosalie,61.81
2017-12-22 03:00:00,Panther_education_Rosalie,59.81
2017-12-22 04:00:00,Panther_education_Rosalie,60.01
2017-12-22 05:00:00,Panther_education_Rosalie,60.01
2017-12-22 06:00:00,Panther_education_Rosalie,60.21
2017-12-22 07:00:00,Panther_education_Rosalie,59.21
2017-12-22 08:00:00,Panther_education_Rosalie,59.61
2017-12-22 09:00:00,Panther_education_Rosalie,60.41
2017-12-22 10:00:00,Panther_education_Rosalie,67.21
2017-12-22 11:00:00,Panther_education_Rosalie,67.81
2017-12-22 12:00:00,Panther_education_Rosalie,68.41
2017-12-22 13:00:00,Panther_education_Rosalie,65.21
2017-12-22 14:00:00,Panther_education_Rosalie,63.81
2017-12-22 15:00:00,Panther_education_Rosalie,64.21
2017-12-22 16:00:00,Panther_education_Rosalie,60.01
2017-12-22 17:00:00,Panther_education_Rosalie,63.61
2017-12-22 18:00:00,Panther_education_Rosalie,59.01
2017-12-22 19:00:00,Panther_education_Rosalie,59.81
2017-12-22 20:00:00,Panther_education_Rosalie,58.81
2017-12-22 21:00:00,Panther_education_Rosalie,60.21
2017-12-22 22:00:00,Panther_education_Rosalie,60.61
2017-12-22 23:00:00,Panther_education_Rosalie,61.01
2017-12-23 00:00:00,Panther_education_Rosalie,62.01
2017-12-23 01:00:00,Panther_education_Rosalie,61.41
2017-12-23 02:00:00,Panther_education_Rosalie,61.81
2017-12-23 03:00:00,Panther_education_Rosalie,62.41
2017-12-23 04:00:00,Panther_education_Rosalie,46.81
2017-12-23 05:00:00,Panther_education_Rosalie,42.61
2017-12-23 06:00:00,Panther_education_Rosalie,43.01
2017-12-23 07:00:00,Panther_education_Rosalie,42.81
2017-12-23 08:00:00,Panther_education_Rosalie,54.01
2017-12-23 09:00:00,Panther_education_Rosalie,67.21
2017-12-23 10:00:00,Panther_education_Rosalie,76.61
2017-12-23 11:00:00,Panther_education_Rosalie,76.21
2017-12-23 12:00:00,Panther_education_Rosalie,74.61
2017-12-23 13:00:00,Panther_education_Rosalie,74.21
2017-12-23 14:00:00,Panther_education_Rosalie,69.21
2017-12-23 15:00:00,Panther_education_Rosalie,63.41
2017-12-23 16:00:00,Panther_education_Rosalie,63.21
2017-12-23 17:00:00,Panther_education_Rosalie,62.21
2017-12-23 18:00:00,Panther_education_Rosalie,60.01
2017-12-23 19:00:00,Panther_education_Rosalie,57.81
2017-12-23 20:00:00,Panther_education_Rosalie,60.81
2017-12-23 21:00:00,Panther_education_Rosalie,60.01
2017-12-23 22:00:00,Panther_education_Rosalie,60.01
2017-12-23 23:00:00,Panther_education_Rosalie,59.61
2017-12-24 00:00:00,Panther_education_Rosalie,61.01
2017-12-24 01:00:00,Panther_education_Rosalie,60.01
2017-12-24 02:00:00,Panther_education_Rosalie,59.61
2017-12-24 03:00:00,Panther_education_Rosalie,60.81
2017-12-24 04:00:00,Panther_education_Rosalie,61.41
2017-12-24 05:00:00,Panther_education_Rosalie,62.41
2017-12-24 06:00:00,Panther_education_Rosalie,60.61
2017-12-24 07:00:00,Panther_education_Rosalie,43.81
2017-12-24 08:00:00,Panther_education_Rosalie,52.21
2017-12-24 09:00:00,Panther_education_Rosalie,65.01
2017-12-24 10:00:00,Panther_education_Rosalie,67.21
2017-12-24 11:00:00,Panther_education_Rosalie,68.01
2017-12-24 12:00:00,Panther_education_Rosalie,64.81
2017-12-24 13:00:00,Panther_education_Rosalie,68.21
2017-12-24 14:00:00,Panther_education_Rosalie,65.21
2017-12-24 15:00:00,Panther_education_Rosalie,60.01
2017-12-24 16:00:00,Panther_education_Rosalie,61.41
2017-12-24 17:00:00,Panther_education_Rosalie,61.21
2017-12-24 18:00:00,Panther_education_Rosalie,62.61
2017-12-24 19:00:00,Panther_education_Rosalie,59.41
2017-12-24 20:00:00,Panther_education_Rosalie,61.41
2017-12-24 21:00:00,Panther_education_Rosalie,60.41
2017-12-24 22:00:00,Panther_education_Rosalie,60.61
2017-12-24 23:00:00,Panther_education_Rosalie,58.81
2017-12-25 00:00:00,Panther_education_Rosalie,61.61
2017-12-25 01:00:00,Panther_education_Rosalie,64.01
2017-12-25 02:00:00,Panther_education_Rosalie,67.01
2017-12-25 03:00:00,Panther_education_Rosalie,67.01
2017-12-25 04:00:00,Panther_education_Rosalie,65.01
2017-12-25 05:00:00,Panther_education_Rosalie,63.01
2017-12-25 06:00:00,Panther_education_Rosalie,61.01
2017-12-25 07:00:00,Panther_education_Rosalie,60.61
2017-12-25 08:00:00,Panther_education_Rosalie,60.41
2017-12-25 09:00:00,Panther_education_Rosalie,59.01
2017-12-25 10:00:00,Panther_education_Rosalie,61.01
2017-12-25 11:00:00,Panther_education_Rosalie,62.21
2017-12-25 12:00:00,Panther_education_Rosalie,62.41
2017-12-25 13:00:00,Panther_education_Rosalie,62.21
2017-12-25 14:00:00,Panther_education_Rosalie,61.01
2017-12-25 15:00:00,Panther_education_Rosalie,59.81
2017-12-25 16:00:00,Panther_education_Rosalie,57.01
2017-12-25 17:00:00,Panther_education_Rosalie,56.01
2017-12-25 18:00:00,Panther_education_Rosalie,52.81
2017-12-25 19:00:00,Panther_education_Rosalie,43.01
2017-12-25 20:00:00,Panther_education_Rosalie,45.01
2017-12-25 21:00:00,Panther_education_Rosalie,47.41
2017-12-25 22:00:00,Panther_education_Rosalie,47.81
2017-12-25 23:00:00,Panther_education_Rosalie,49.01
2017-12-26 00:00:00,Panther_education_Rosalie,51.81
2017-12-26 01:00:00,Panther_education_Rosalie,51.81
2017-12-26 02:00:00,Panther_education_Rosalie,51.21
2017-12-26 03:00:00,Panther_education_Rosalie,50.81
2017-12-26 04:00:00,Panther_education_Rosalie,53.41
2017-12-26 05:00:00,Panther_education_Rosalie,52.81
2017-12-26 06:00:00,Panther_education_Rosalie,52.81
2017-12-26 07:00:00,Panther_education_Rosalie,54.21
2017-12-26 08:00:00,Panther_education_Rosalie,48.21
2017-12-26 09:00:00,Panther_education_Rosalie,56.61
2017-12-26 10:00:00,Panther_education_Rosalie,63.01
2017-12-26 11:00:00,Panther_education_Rosalie,63.01
2017-12-26 12:00:00,Panther_education_Rosalie,63.01
2017-12-26 13:00:00,Panther_education_Rosalie,59.81
2017-12-26 14:00:00,Panther_education_Rosalie,62.01
2017-12-26 15:00:00,Panther_education_Rosalie,59.01
2017-12-26 16:00:00,Panther_education_Rosalie,60.61
2017-12-26 17:00:00,Panther_education_Rosalie,61.41
2017-12-26 18:00:00,Panther_education_Rosalie,62.41
2017-12-26 19:00:00,Panther_education_Rosalie,60.61
2017-12-26 20:00:00,Panther_education_Rosalie,59.41
2017-12-26 21:00:00,Panther_education_Rosalie,60.01
2017-12-26 22:00:00,Panther_education_Rosalie,44.41
2017-12-26 23:00:00,Panther_education_Rosalie,42.61
2017-12-27 00:00:00,Panther_education_Rosalie,42.41
2017-12-27 01:00:00,Panther_education_Rosalie,42.41
2017-12-27 02:00:00,Panther_education_Rosalie,43.01
2017-12-27 03:00:00,Panther_education_Rosalie,44.01
2017-12-27 04:00:00,Panther_education_Rosalie,43.41
2017-12-27 05:00:00,Panther_education_Rosalie,42.81
2017-12-27 06:00:00,Panther_education_Rosalie,43.01
2017-12-27 07:00:00,Panther_education_Rosalie,42.41
2017-12-27 08:00:00,Panther_education_Rosalie,42.21
2017-12-27 09:00:00,Panther_education_Rosalie,63.01
2017-12-27 10:00:00,Panther_education_Rosalie,61.41
2017-12-27 11:00:00,Panther_education_Rosalie,65.61
2017-12-27 12:00:00,Panther_education_Rosalie,65.41
2017-12-27 13:00:00,Panther_education_Rosalie,65.61
2017-12-27 14:00:00,Panther_education_Rosalie,62.21
2017-12-27 15:00:00,Panther_education_Rosalie,63.21
2017-12-27 16:00:00,Panther_education_Rosalie,57.81
2017-12-27 17:00:00,Panther_education_Rosalie,60.01
2017-12-27 18:00:00,Panther_education_Rosalie,62.81
2017-12-27 19:00:00,Panther_education_Rosalie,61.81
2017-12-27 20:00:00,Panther_education_Rosalie,63.01
2017-12-27 21:00:00,Panther_education_Rosalie,63.81
2017-12-27 22:00:00,Panther_education_Rosalie,64.21
2017-12-27 23:00:00,Panther_education_Rosalie,63.21
2017-12-28 00:00:00,Panther_education_Rosalie,62.41
2017-12-28 01:00:00,Panther_education_Rosalie,64.81
2017-12-28 02:00:00,Panther_education_Rosalie,64.81
2017-12-28 03:00:00,Panther_education_Rosalie,64.61
2017-12-28 04:00:00,Panther_education_Rosalie,64.81
2017-12-28 05:00:00,Panther_education_Rosalie,64.61
2017-12-28 06:00:00,Panther_education_Rosalie,63.41
2017-12-28 07:00:00,Panther_education_Rosalie,61.81
2017-12-28 08:00:00,Panther_education_Rosalie,63.21
2017-12-28 09:00:00,Panther_education_Rosalie,62.41
2017-12-28 10:00:00,Panther_education_Rosalie,64.81
2017-12-28 11:00:00,Panther_education_Rosalie,64.01
2017-12-28 12:00:00,Panther_education_Rosalie,63.01
2017-12-28 13:00:00,Panther_education_Rosalie,61.61
2017-12-28 14:00:00,Panther_education_Rosalie,61.81
2017-12-28 15:00:00,Panther_education_Rosalie,60.21
2017-12-28 16:00:00,Panther_education_Rosalie,61.81
2017-12-28 17:00:00,Panther_education_Rosalie,60.61
2017-12-28 18:00:00,Panther_education_Rosalie,62.81
2017-12-28 19:00:00,Panther_education_Rosalie,63.21
2017-12-28 20:00:00,Panther_education_Rosalie,61.81
2017-12-28 21:00:00,Panther_education_Rosalie,61.81
2017-12-28 22:00:00,Panther_education_Rosalie,62.01
2017-12-28 23:00:00,Panther_education_Rosalie,62.21
2017-12-29 00:00:00,Panther_education_Rosalie,61.41
2017-12-29 01:00:00,Panther_education_Rosalie,60.41
2017-12-29 02:00:00,Panther_education_Rosalie,56.01
2017-12-29 03:00:00,Panther_education_Rosalie,42.61
2017-12-29 04:00:00,Panther_education_Rosalie,43.41
2017-12-29 05:00:00,Panther_education_Rosalie,43.01
2017-12-29 06:00:00,Panther_education_Rosalie,45.21
2017-12-29 07:00:00,Panther_education_Rosalie,44.61
2017-12-29 08:00:00,Panther_education_Rosalie,44.61
2017-12-29 09:00:00,Panther_education_Rosalie,45.41
2017-12-29 10:00:00,Panther_education_Rosalie,45.41
2017-12-29 11:00:00,Panther_education_Rosalie,43.61
2017-12-29 12:00:00,Panther_education_Rosalie,43.61
2017-12-29 13:00:00,Panther_education_Rosalie,44.61
2017-12-29 14:00:00,Panther_education_Rosalie,43.41
2017-12-29 15:00:00,Panther_education_Rosalie,42.81
2017-12-29 16:00:00,Panther_education_Rosalie,43.81
2017-12-29 17:00:00,Panther_education_Rosalie,46.01
2017-12-29 18:00:00,Panther_education_Rosalie,47.21
2017-12-29 19:00:00,Panther_education_Rosalie,50.01
2017-12-29 20:00:00,Panther_education_Rosalie,50.21
2017-12-29 21:00:00,Panther_education_Rosalie,48.81
2017-12-29 22:00:00,Panther_education_Rosalie,49.21
2017-12-29 23:00:00,Panther_education_Rosalie,50.01
2017-12-30 00:00:00,Panther_education_Rosalie,50.21
2017-12-30 01:00:00,Panther_education_Rosalie,51.61
2017-12-30 02:00:00,Panther_education_Rosalie,52.21
2017-12-30 03:00:00,Panther_education_Rosalie,54.41
2017-12-30 04:00:00,Panther_education_Rosalie,55.61
2017-12-30 05:00:00,Panther_education_Rosalie,52.01
2017-12-30 06:00:00,Panther_education_Rosalie,52.41
2017-12-30 07:00:00,Panther_education_Rosalie,50.61
2017-12-30 08:00:00,Panther_education_Rosalie,49.61
2017-12-30 09:00:00,Panther_education_Rosalie,47.21
2017-12-30 10:00:00,Panther_education_Rosalie,50.81
2017-12-30 11:00:00,Panther_education_Rosalie,60.61
2017-12-30 12:00:00,Panther_education_Rosalie,59.61
2017-12-30 13:00:00,Panther_education_Rosalie,57.61
2017-12-30 14:00:00,Panther_education_Rosalie,55.81
2017-12-30 15:00:00,Panther_education_Rosalie,56.41
2017-12-30 16:00:00,Panther_education_Rosalie,57.61
2017-12-30 17:00:00,Panther_education_Rosalie,58.41
2017-12-30 18:00:00,Panther_education_Rosalie,44.21
2017-12-30 19:00:00,Panther_education_Rosalie,49.61
2017-12-30 20:00:00,Panther_education_Rosalie,50.21
2017-12-30 21:00:00,Panther_education_Rosalie,47.41
2017-12-30 22:00:00,Panther_education_Rosalie,50.81
2017-12-30 23:00:00,Panther_education_Rosalie,56.01
2017-12-31 00:00:00,Panther_education_Rosalie,61.01
2017-12-31 01:00:00,Panther_education_Rosalie,58.01
2017-12-31 02:00:00,Panther_education_Rosalie,58.41
2017-12-31 03:00:00,Panther_education_Rosalie,61.61
2017-12-31 04:00:00,Panther_education_Rosalie,65.01
2017-12-31 05:00:00,Panther_education_Rosalie,64.81
2017-12-31 06:00:00,Panther_education_Rosalie,60.61
2017-12-31 07:00:00,Panther_education_Rosalie,60.61
2017-12-31 08:00:00,Panther_education_Rosalie,55.01
2017-12-31 09:00:00,Panther_education_Rosalie,50.01
2017-12-31 10:00:00,Panther_education_Rosalie,54.21
2017-12-31 11:00:00,Panther_education_Rosalie,59.41
2017-12-31 12:00:00,Panther_education_Rosalie,56.61
2017-12-31 13:00:00,Panther_education_Rosalie,56.21
2017-12-31 14:00:00,Panther_education_Rosalie,60.21
2017-12-31 15:00:00,Panther_education_Rosalie,60.01
2017-12-31 16:00:00,Panther_education_Rosalie,58.61
2017-12-31 17:00:00,Panther_education_Rosalie,58.21
2017-12-31 18:00:00,Panther_education_Rosalie,56.81
2017-12-31 19:00:00,Panther_education_Rosalie,47.81
2017-12-31 20:00:00,Panther_education_Rosalie,45.01
2017-12-31 21:00:00,Panther_education_Rosalie,44.61
2017-12-31 22:00:00,Panther_education_Rosalie,45.81
2017-12-31 23:00:00,Panther_education_Rosalie,45.41
